"Step","geocnn-4-4-8-8-8-4 - energy","geocnn-4-4-8-8-8-4 - energy__MIN","geocnn-4-4-8-8-8-4 - energy__MAX","geocnn-8-8-8-4-4 - energy","geocnn-8-8-8-4-4 - energy__MIN","geocnn-8-8-8-4-4 - energy__MAX","geocnn-8-8-8 - energy","geocnn-8-8-8 - energy__MIN","geocnn-8-8-8 - energy__MAX","cnn-8_4-4-1 - energy","cnn-8_4-4-1 - energy__MIN","cnn-8_4-4-1 - energy__MAX","cnn-4-4_8-1 - energy","cnn-4-4_8-1 - energy__MIN","cnn-4-4_8-1 - energy__MAX","cnn-4-4_1 - energy","cnn-4-4_1 - energy__MIN","cnn-4-4_1 - energy__MAX","cnn-8-8-8_4-4-1 - energy","cnn-8-8-8_4-4-1 - energy__MIN","cnn-8-8-8_4-4-1 - energy__MAX","cnn-8-8_4-4-1 - energy","cnn-8-8_4-4-1 - energy__MIN","cnn-8-8_4-4-1 - energy__MAX","cnn-4-4_8-8-8-1 - energy","cnn-4-4_8-8-8-1 - energy__MIN","cnn-4-4_8-8-8-1 - energy__MAX","cnn-4-4_8-8-1 - energy","cnn-4-4_8-8-1 - energy__MIN","cnn-4-4_8-8-1 - energy__MAX"
"0","-10.448002977904336","-10.448002977904336","-10.448002977904336","-10.409967650233611","-10.409967650233611","-10.409967650233611","-10.469059449749382","-10.469059449749382","-10.469059449749382","-10.615743968150902","-10.615743968150902","-10.615743968150902","-10.79105600258238","-10.79105600258238","-10.79105600258238","-10.789535539524536","-10.789535539524536","-10.789535539524536","-10.592664336817812","-10.592664336817812","-10.592664336817812","-10.622428637097517","-10.622428637097517","-10.622428637097517","-10.861392720752164","-10.861392720752164","-10.861392720752164","-10.96164109630846","-10.96164109630846","-10.96164109630846"
"1","-10.514550700247968","-10.514550700247968","-10.514550700247968","-10.462592154029732","-10.462592154029732","-10.462592154029732","-10.447111115177538","-10.447111115177538","-10.447111115177538","-11.199323035036532","-11.199323035036532","-11.199323035036532","-11.373207148080011","-11.373207148080011","-11.373207148080011","-11.387667286429068","-11.387667286429068","-11.387667286429068","-11.165904510310606","-11.165904510310606","-11.165904510310606","-11.193523337363356","-11.193523337363356","-11.193523337363356","-11.374556026300654","-11.374556026300654","-11.374556026300654","-11.420099992226142","-11.420099992226142","-11.420099992226142"
"2","-10.4756584029385","-10.4756584029385","-10.4756584029385","-8.788982210137249","-8.788982210137249","-8.788982210137249","-10.75436384178506","-10.75436384178506","-10.75436384178506","-11.340899048968136","-11.340899048968136","-11.340899048968136","-11.811953841278363","-11.811953841278363","-11.811953841278363","-11.809426536312198","-11.809426536312198","-11.809426536312198","-11.457952451853057","-11.457952451853057","-11.457952451853057","-11.41244635522929","-11.41244635522929","-11.41244635522929","-11.651765812457676","-11.651765812457676","-11.651765812457676","-11.433010166101486","-11.433010166101486","-11.433010166101486"
"3","-10.625521090543433","-10.625521090543433","-10.625521090543433","-10.048194167979585","-10.048194167979585","-10.048194167979585","-11.385742376485023","-11.385742376485023","-11.385742376485023","-11.71669602062449","-11.71669602062449","-11.71669602062449","-12.162505375522368","-12.162505375522368","-12.162505375522368","-12.173463963368715","-12.173463963368715","-12.173463963368715","-11.779424011133104","-11.779424011133104","-11.779424011133104","-11.747398826419872","-11.747398826419872","-11.747398826419872","-11.944127698095686","-11.944127698095686","-11.944127698095686","-11.851660243067098","-11.851660243067098","-11.851660243067098"
"4","-11.16748681411046","-11.16748681411046","-11.16748681411046","-11.011459720711489","-11.011459720711489","-11.011459720711489","-11.774465914741967","-11.774465914741967","-11.774465914741967","-11.964874870837612","-11.964874870837612","-11.964874870837612","-12.479832128089235","-12.479832128089235","-12.479832128089235","-12.45578738244528","-12.45578738244528","-12.45578738244528","-11.971473274380998","-11.971473274380998","-11.971473274380998","-11.955477240276672","-11.955477240276672","-11.955477240276672","-12.203295500829345","-12.203295500829345","-12.203295500829345","-12.151210003448334","-12.151210003448334","-12.151210003448334"
"5","-11.61906712664219","-11.61906712664219","-11.61906712664219","-11.606180212048818","-11.606180212048818","-11.606180212048818","-12.118981197434866","-12.118981197434866","-12.118981197434866","-12.031608780173531","-12.031608780173531","-12.031608780173531","-12.66862513397828","-12.66862513397828","-12.66862513397828","-12.675581143077297","-12.675581143077297","-12.675581143077297","-12.229909939735247","-12.229909939735247","-12.229909939735247","-12.099375746076966","-12.099375746076966","-12.099375746076966","-12.46862188147298","-12.46862188147298","-12.46862188147298","-12.434718804758887","-12.434718804758887","-12.434718804758887"
"6","-12.007597610760946","-12.007597610760946","-12.007597610760946","-12.061501741382317","-12.061501741382317","-12.061501741382317","-12.393411520533324","-12.393411520533324","-12.393411520533324","-12.350229570842764","-12.350229570842764","-12.350229570842764","-12.883639776220445","-12.883639776220445","-12.883639776220445","-12.891830395938769","-12.891830395938769","-12.891830395938769","-12.466404821368563","-12.466404821368563","-12.466404821368563","-12.376185283909823","-12.376185283909823","-12.376185283909823","-12.681965549170869","-12.681965549170869","-12.681965549170869","-12.643827761880189","-12.643827761880189","-12.643827761880189"
"7","-12.296498405029618","-12.296498405029618","-12.296498405029618","-12.418052143254124","-12.418052143254124","-12.418052143254124","-12.656741175272872","-12.656741175272872","-12.656741175272872","-12.634422885499742","-12.634422885499742","-12.634422885499742","-13.110469403351813","-13.110469403351813","-13.110469403351813","-13.121560027404335","-13.121560027404335","-13.121560027404335","-12.674995585017635","-12.674995585017635","-12.674995585017635","-12.616293596215542","-12.616293596215542","-12.616293596215542","-12.912874833058101","-12.912874833058101","-12.912874833058101","-12.880537643846187","-12.880537643846187","-12.880537643846187"
"8","-12.521950589274862","-12.521950589274862","-12.521950589274862","-12.655179181194622","-12.655179181194622","-12.655179181194622","-12.837636348923613","-12.837636348923613","-12.837636348923613","-12.852616915351241","-12.852616915351241","-12.852616915351241","-13.281168894783566","-13.281168894783566","-13.281168894783566","-13.276219806846541","-13.276219806846541","-13.276219806846541","-12.881346518109094","-12.881346518109094","-12.881346518109094","-12.832298099054878","-12.832298099054878","-12.832298099054878","-13.087013834227001","-13.087013834227001","-13.087013834227001","-13.068471560823417","-13.068471560823417","-13.068471560823417"
"9","-12.766951335996314","-12.766951335996314","-12.766951335996314","-12.89795903474758","-12.89795903474758","-12.89795903474758","-13.06531078764941","-13.06531078764941","-13.06531078764941","-13.053349257341704","-13.053349257341704","-13.053349257341704","-13.431930762216325","-13.431930762216325","-13.431930762216325","-13.432495279086211","-13.432495279086211","-13.432495279086211","-13.07478534767688","-13.07478534767688","-13.07478534767688","-13.061921729315815","-13.061921729315815","-13.061921729315815","-13.274167190468905","-13.274167190468905","-13.274167190468905","-13.256484935116974","-13.256484935116974","-13.256484935116974"
"10","-12.952032384481988","-12.952032384481988","-12.952032384481988","-13.090433032539547","-13.090433032539547","-13.090433032539547","-13.232658191317462","-13.232658191317462","-13.232658191317462","-13.219795016554038","-13.219795016554038","-13.219795016554038","-13.563879276215488","-13.563879276215488","-13.563879276215488","-13.560809853724376","-13.560809853724376","-13.560809853724376","-13.261986830308988","-13.261986830308988","-13.261986830308988","-13.220379907296687","-13.220379907296687","-13.220379907296687","-13.415694758773729","-13.415694758773729","-13.415694758773729","-13.389211747135263","-13.389211747135263","-13.389211747135263"
"11","-13.130738183732557","-13.130738183732557","-13.130738183732557","-13.274935749426923","-13.274935749426923","-13.274935749426923","-13.389152204429392","-13.389152204429392","-13.389152204429392","-13.37750353447432","-13.37750353447432","-13.37750353447432","-13.68393423946687","-13.68393423946687","-13.68393423946687","-13.682039482315046","-13.682039482315046","-13.682039482315046","-13.414746795129671","-13.414746795129671","-13.414746795129671","-13.376851786683005","-13.376851786683005","-13.376851786683005","-13.55059075717834","-13.55059075717834","-13.55059075717834","-13.55737110796025","-13.55737110796025","-13.55737110796025"
"12","-13.298646010769755","-13.298646010769755","-13.298646010769755","-13.434586196104773","-13.434586196104773","-13.434586196104773","-13.541007688020265","-13.541007688020265","-13.541007688020265","-13.540735596637434","-13.540735596637434","-13.540735596637434","-13.788682583787136","-13.788682583787136","-13.788682583787136","-13.79431138329524","-13.79431138329524","-13.79431138329524","-13.568351049607305","-13.568351049607305","-13.568351049607305","-13.530121476310011","-13.530121476310011","-13.530121476310011","-13.676335362127233","-13.676335362127233","-13.676335362127233","-13.653568441559482","-13.653568441559482","-13.653568441559482"
"13","-13.43610996517206","-13.43610996517206","-13.43610996517206","-13.577375488487075","-13.577375488487075","-13.577375488487075","-13.64170201766346","-13.64170201766346","-13.64170201766346","-13.658432615362392","-13.658432615362392","-13.658432615362392","-13.865948142258608","-13.865948142258608","-13.865948142258608","-13.867213235775584","-13.867213235775584","-13.867213235775584","-13.671245312042487","-13.671245312042487","-13.671245312042487","-13.636070534575321","-13.636070534575321","-13.636070534575321","-13.779252383481525","-13.779252383481525","-13.779252383481525","-13.771016444091075","-13.771016444091075","-13.771016444091075"
"14","-13.577180691903992","-13.577180691903992","-13.577180691903992","-13.67246377849034","-13.67246377849034","-13.67246377849034","-13.731633395932903","-13.731633395932903","-13.731633395932903","-13.77158084036694","-13.77158084036694","-13.77158084036694","-13.948746458955238","-13.948746458955238","-13.948746458955238","-13.94648424213147","-13.94648424213147","-13.94648424213147","-13.77425443669664","-13.77425443669664","-13.77425443669664","-13.747317264917251","-13.747317264917251","-13.747317264917251","-13.864075402947021","-13.864075402947021","-13.864075402947021","-13.869561442031385","-13.869561442031385","-13.869561442031385"
"15","-13.649799307388363","-13.649799307388363","-13.649799307388363","-13.753599976168864","-13.753599976168864","-13.753599976168864","-13.822956317461774","-13.822956317461774","-13.822956317461774","-13.835038388851943","-13.835038388851943","-13.835038388851943","-14.009469186696535","-14.009469186696535","-14.009469186696535","-14.00884004229821","-14.00884004229821","-14.00884004229821","-13.85425179627103","-13.85425179627103","-13.85425179627103","-13.842261498546815","-13.842261498546815","-13.842261498546815","-13.926754878808413","-13.926754878808413","-13.926754878808413","-13.941070066916943","-13.941070066916943","-13.941070066916943"
"16","-13.757152166695327","-13.757152166695327","-13.757152166695327","-13.844968697963644","-13.844968697963644","-13.844968697963644","-13.901622840516772","-13.901622840516772","-13.901622840516772","-13.922358889110807","-13.922358889110807","-13.922358889110807","-14.041917537100993","-14.041917537100993","-14.041917537100993","-14.044471526725118","-14.044471526725118","-14.044471526725118","-13.93176768392776","-13.93176768392776","-13.93176768392776","-13.899691913994463","-13.899691913994463","-13.899691913994463","-13.990248927019032","-13.990248927019032","-13.990248927019032","-14.010734391252559","-14.010734391252559","-14.010734391252559"
"17","-13.843010378608387","-13.843010378608387","-13.843010378608387","-13.922242935383036","-13.922242935383036","-13.922242935383036","-13.968242986727422","-13.968242986727422","-13.968242986727422","-13.989409099143996","-13.989409099143996","-13.989409099143996","-14.101365481899588","-14.101365481899588","-14.101365481899588","-14.101119276773755","-14.101119276773755","-14.101119276773755","-13.995307127127855","-13.995307127127855","-13.995307127127855","-13.977759294027944","-13.977759294027944","-13.977759294027944","-14.049961466931508","-14.049961466931508","-14.049961466931508","-14.046088993090379","-14.046088993090379","-14.046088993090379"
"18","-13.906514478096767","-13.906514478096767","-13.906514478096767","-13.978165746844752","-13.978165746844752","-13.978165746844752","-14.022970792421512","-14.022970792421512","-14.022970792421512","-14.040668006458574","-14.040668006458574","-14.040668006458574","-14.132595623516767","-14.132595623516767","-14.132595623516767","-14.132073017487082","-14.132073017487082","-14.132073017487082","-14.055266386802149","-14.055266386802149","-14.055266386802149","-14.039134586935681","-14.039134586935681","-14.039134586935681","-14.089111059096142","-14.089111059096142","-14.089111059096142","-14.09013060486196","-14.09013060486196","-14.09013060486196"
"19","-13.972853834471772","-13.972853834471772","-13.972853834471772","-14.034849212588217","-14.034849212588217","-14.034849212588217","-14.07208646289836","-14.07208646289836","-14.07208646289836","-14.093234282462934","-14.093234282462934","-14.093234282462934","-14.16511819616712","-14.16511819616712","-14.16511819616712","-14.164990159066518","-14.164990159066518","-14.164990159066518","-14.096163697721538","-14.096163697721538","-14.096163697721538","-14.086773605061166","-14.086773605061166","-14.086773605061166","-14.134871171977583","-14.134871171977583","-14.134871171977583","-14.11821649935269","-14.11821649935269","-14.11821649935269"
"20","-14.02102953534221","-14.02102953534221","-14.02102953534221","-14.066341813500944","-14.066341813500944","-14.066341813500944","-14.105397286672186","-14.105397286672186","-14.105397286672186","-14.122083478981375","-14.122083478981375","-14.122083478981375","-14.181817919362185","-14.181817919362185","-14.181817919362185","-14.180721603098133","-14.180721603098133","-14.180721603098133","-14.128424366882651","-14.128424366882651","-14.128424366882651","-14.114475979607604","-14.114475979607604","-14.114475979607604","-14.156270599383491","-14.156270599383491","-14.156270599383491","-14.147654261592887","-14.147654261592887","-14.147654261592887"
"21","-14.068359721218311","-14.068359721218311","-14.068359721218311","-14.113208887115917","-14.113208887115917","-14.113208887115917","-14.139037861558274","-14.139037861558274","-14.139037861558274","-14.15815843101999","-14.15815843101999","-14.15815843101999","-14.2045770894374","-14.2045770894374","-14.2045770894374","-14.204829144525512","-14.204829144525512","-14.204829144525512","-14.15775988485732","-14.15775988485732","-14.15775988485732","-14.150805961740373","-14.150805961740373","-14.150805961740373","-14.182367375931008","-14.182367375931008","-14.182367375931008","-14.173902134712012","-14.173902134712012","-14.173902134712012"
"22","-14.097421389107758","-14.097421389107758","-14.097421389107758","-14.124011542106082","-14.124011542106082","-14.124011542106082","-14.159909328248126","-14.159909328248126","-14.159909328248126","-14.1809832433603","-14.1809832433603","-14.1809832433603","-14.215822664815974","-14.215822664815974","-14.215822664815974","-14.216007460587509","-14.216007460587509","-14.216007460587509","-14.182826752971298","-14.182826752971298","-14.182826752971298","-14.174350280582042","-14.174350280582042","-14.174350280582042","-14.19487153180542","-14.19487153180542","-14.19487153180542","-14.197234728058945","-14.197234728058945","-14.197234728058945"
"23","-14.119981293626832","-14.119981293626832","-14.119981293626832","-14.147662256474135","-14.147662256474135","-14.147662256474135","-14.178543106050238","-14.178543106050238","-14.178543106050238","-14.196519823901728","-14.196519823901728","-14.196519823901728","-14.227572578880107","-14.227572578880107","-14.227572578880107","-14.22824096920391","-14.22824096920391","-14.22824096920391","-14.195146264679781","-14.195146264679781","-14.195146264679781","-14.192307820760087","-14.192307820760087","-14.192307820760087","-14.21175930607076","-14.21175930607076","-14.21175930607076","-14.208416411318893","-14.208416411318893","-14.208416411318893"
"24","-14.142886608130137","-14.142886608130137","-14.142886608130137","-14.170405111479699","-14.170405111479699","-14.170405111479699","-14.192643040037485","-14.192643040037485","-14.192643040037485","-14.21039511103382","-14.21039511103382","-14.21039511103382","-14.236566660651537","-14.236566660651537","-14.236566660651537","-14.237135825934335","-14.237135825934335","-14.237135825934335","-14.207815923471777","-14.207815923471777","-14.207815923471777","-14.204708049620097","-14.204708049620097","-14.204708049620097","-14.223247917166214","-14.223247917166214","-14.223247917166214","-14.232897954772842","-14.232897954772842","-14.232897954772842"
"25","-14.171940381693904","-14.171940381693904","-14.171940381693904","-14.196004465476857","-14.196004465476857","-14.196004465476857","-14.21486955399036","-14.21486955399036","-14.21486955399036","-14.227168256172437","-14.227168256172437","-14.227168256172437","-14.243287012340453","-14.243287012340453","-14.243287012340453","-14.24365847124836","-14.24365847124836","-14.24365847124836","-14.226258161789278","-14.226258161789278","-14.226258161789278","-14.224329868654575","-14.224329868654575","-14.224329868654575","-14.236549451832941","-14.236549451832941","-14.236549451832941","-14.23715056143422","-14.23715056143422","-14.23715056143422"
"26","-14.181961367363531","-14.181961367363531","-14.181961367363531","-14.192043312599612","-14.192043312599612","-14.192043312599612","-14.216407905438071","-14.216407905438071","-14.216407905438071","-14.234290665117351","-14.234290665117351","-14.234290665117351","-14.247598925573435","-14.247598925573435","-14.247598925573435","-14.247343304692084","-14.247343304692084","-14.247343304692084","-14.232400511686231","-14.232400511686231","-14.232400511686231","-14.231695858350006","-14.231695858350006","-14.231695858350006","-14.243026331569938","-14.243026331569938","-14.243026331569938","-14.243199062128419","-14.243199062128419","-14.243199062128419"
"27","-14.189160247901356","-14.189160247901356","-14.189160247901356","-14.209958225523375","-14.209958225523375","-14.209958225523375","-14.226813236678023","-14.226813236678023","-14.226813236678023","-14.239612788664132","-14.239612788664132","-14.239612788664132","-14.254360415180049","-14.254360415180049","-14.254360415180049","-14.254583329515885","-14.254583329515885","-14.254583329515885","-14.24216480586741","-14.24216480586741","-14.24216480586741","-14.237477650612895","-14.237477650612895","-14.237477650612895","-14.247749159510924","-14.247749159510924","-14.247749159510924","-14.249814059306702","-14.249814059306702","-14.249814059306702"
"28","-14.189829311295654","-14.189829311295654","-14.189829311295654","-14.21227471050792","-14.21227471050792","-14.21227471050792","-14.230096341437637","-14.230096341437637","-14.230096341437637","-14.243876745714523","-14.243876745714523","-14.243876745714523","-14.257855838613121","-14.257855838613121","-14.257855838613121","-14.257279842370513","-14.257279842370513","-14.257279842370513","-14.24629169202517","-14.24629169202517","-14.24629169202517","-14.245622929793303","-14.245622929793303","-14.245622929793303","-14.250361946839195","-14.250361946839195","-14.250361946839195","-14.253362309352042","-14.253362309352042","-14.253362309352042"
"29","-14.207322568132483","-14.207322568132483","-14.207322568132483","-14.221567058720382","-14.221567058720382","-14.221567058720382","-14.236833412102087","-14.236833412102087","-14.236833412102087","-14.249821269594026","-14.249821269594026","-14.249821269594026","-14.260636681845375","-14.260636681845375","-14.260636681845375","-14.26080777694753","-14.26080777694753","-14.26080777694753","-14.250378388653203","-14.250378388653203","-14.250378388653203","-14.248340491996462","-14.248340491996462","-14.248340491996462","-14.253699534418164","-14.253699534418164","-14.253699534418164","-14.258777458457246","-14.258777458457246","-14.258777458457246"
"30","-14.21844234528401","-14.21844234528401","-14.21844234528401","-14.228423187067238","-14.228423187067238","-14.228423187067238","-14.24536519871014","-14.24536519871014","-14.24536519871014","-14.257383167648657","-14.257383167648657","-14.257383167648657","-14.266013451151135","-14.266013451151135","-14.266013451151135","-14.266004821465884","-14.266004821465884","-14.266004821465884","-14.258101653787332","-14.258101653787332","-14.258101653787332","-14.256689922881902","-14.256689922881902","-14.256689922881902","-14.262069111651794","-14.262069111651794","-14.262069111651794","-14.25972799748816","-14.25972799748816","-14.25972799748816"
"31","-14.23144156480838","-14.23144156480838","-14.23144156480838","-14.240663582286373","-14.240663582286373","-14.240663582286373","-14.246387575212868","-14.246387575212868","-14.246387575212868","-14.263037387109684","-14.263037387109684","-14.263037387109684","-14.270556014507335","-14.270556014507335","-14.270556014507335","-14.270725142409763","-14.270725142409763","-14.270725142409763","-14.262540927090969","-14.262540927090969","-14.262540927090969","-14.261961136052555","-14.261961136052555","-14.261961136052555","-14.26674912333695","-14.26674912333695","-14.26674912333695","-14.265477338052381","-14.265477338052381","-14.265477338052381"
"32","-14.23357616533518","-14.23357616533518","-14.23357616533518","-14.23703456714906","-14.23703456714906","-14.23703456714906","-14.248557014300818","-14.248557014300818","-14.248557014300818","-14.263517667092437","-14.263517667092437","-14.263517667092437","-14.269122335150048","-14.269122335150048","-14.269122335150048","-14.268433128925505","-14.268433128925505","-14.268433128925505","-14.263415600180728","-14.263415600180728","-14.263415600180728","-14.263015468943628","-14.263015468943628","-14.263015468943628","-14.265738294705134","-14.265738294705134","-14.265738294705134","-14.266406221988571","-14.266406221988571","-14.266406221988571"
"33","-14.233816390655834","-14.233816390655834","-14.233816390655834","-14.244803619493123","-14.244803619493123","-14.244803619493123","-14.252367023035692","-14.252367023035692","-14.252367023035692","-14.269105691455618","-14.269105691455618","-14.269105691455618","-14.272529172523365","-14.272529172523365","-14.272529172523365","-14.27246649285112","-14.27246649285112","-14.27246649285112","-14.268162979303396","-14.268162979303396","-14.268162979303396","-14.266355665048486","-14.266355665048486","-14.266355665048486","-14.269603596840117","-14.269603596840117","-14.269603596840117","-14.269870441569736","-14.269870441569736","-14.269870441569736"
"34","-14.248521334815461","-14.248521334815461","-14.248521334815461","-14.250689983015016","-14.250689983015016","-14.250689983015016","-14.257496038169554","-14.257496038169554","-14.257496038169554","-14.268757042811899","-14.268757042811899","-14.268757042811899","-14.273952182397613","-14.273952182397613","-14.273952182397613","-14.27445748747775","-14.27445748747775","-14.27445748747775","-14.271820898704592","-14.271820898704592","-14.271820898704592","-14.27070692063853","-14.27070692063853","-14.27070692063853","-14.27253447932106","-14.27253447932106","-14.27253447932106","-14.269613938818178","-14.269613938818178","-14.269613938818178"
"35","-14.243472234692693","-14.243472234692693","-14.243472234692693","-14.25811320705311","-14.25811320705311","-14.25811320705311","-14.258641225129184","-14.258641225129184","-14.258641225129184","-14.269662923752444","-14.269662923752444","-14.269662923752444","-14.274187121990149","-14.274187121990149","-14.274187121990149","-14.27409745958859","-14.27409745958859","-14.27409745958859","-14.270386856420124","-14.270386856420124","-14.270386856420124","-14.270110280972194","-14.270110280972194","-14.270110280972194","-14.272342576917973","-14.272342576917973","-14.272342576917973","-14.273454004297061","-14.273454004297061","-14.273454004297061"
"36","-14.247463661158825","-14.247463661158825","-14.247463661158825","-14.255773246186639","-14.255773246186639","-14.255773246186639","-14.259560743626011","-14.259560743626011","-14.259560743626011","-14.27202787947292","-14.27202787947292","-14.27202787947292","-14.274836310326002","-14.274836310326002","-14.274836310326002","-14.275027768004566","-14.275027768004566","-14.275027768004566","-14.27266353448614","-14.27266353448614","-14.27266353448614","-14.271086603918707","-14.271086603918707","-14.271086603918707","-14.273492939201482","-14.273492939201482","-14.273492939201482","-14.274364154995673","-14.274364154995673","-14.274364154995673"
"37","-14.25164216229043","-14.25164216229043","-14.25164216229043","-14.251882239971525","-14.251882239971525","-14.251882239971525","-14.259631630001318","-14.259631630001318","-14.259631630001318","-14.273279703241304","-14.273279703241304","-14.273279703241304","-14.275823644873192","-14.275823644873192","-14.275823644873192","-14.276072133791274","-14.276072133791274","-14.276072133791274","-14.273452494634945","-14.273452494634945","-14.273452494634945","-14.27275926818798","-14.27275926818798","-14.27275926818798","-14.274567970671292","-14.274567970671292","-14.274567970671292","-14.274966778427842","-14.274966778427842","-14.274966778427842"
"38","-14.255272891575569","-14.255272891575569","-14.255272891575569","-14.26120997344703","-14.26120997344703","-14.26120997344703","-14.261594749331634","-14.261594749331634","-14.261594749331634","-14.27481665873404","-14.27481665873404","-14.27481665873404","-14.276031481440189","-14.276031481440189","-14.276031481440189","-14.276302831479812","-14.276302831479812","-14.276302831479812","-14.274397936980588","-14.274397936980588","-14.274397936980588","-14.274875223027855","-14.274875223027855","-14.274875223027855","-14.275734575295056","-14.275734575295056","-14.275734575295056","-14.27506151277596","-14.27506151277596","-14.27506151277596"
"39","-14.256159185740149","-14.256159185740149","-14.256159185740149","-14.260656980205763","-14.260656980205763","-14.260656980205763","-14.2630387827034","-14.2630387827034","-14.2630387827034","-14.274837240355502","-14.274837240355502","-14.274837240355502","-14.277367025300416","-14.277367025300416","-14.277367025300416","-14.277252919238649","-14.277252919238649","-14.277252919238649","-14.274857948002303","-14.274857948002303","-14.274857948002303","-14.274718124888215","-14.274718124888215","-14.274718124888215","-14.275708111247301","-14.275708111247301","-14.275708111247301","-14.277516606755343","-14.277516606755343","-14.277516606755343"
"40","-14.252979454035358","-14.252979454035358","-14.252979454035358","-14.260383859151142","-14.260383859151142","-14.260383859151142","-14.264823094908404","-14.264823094908404","-14.264823094908404","-14.275589507841735","-14.275589507841735","-14.275589507841735","-14.276251674357145","-14.276251674357145","-14.276251674357145","-14.27597048055509","-14.27597048055509","-14.27597048055509","-14.275767969238894","-14.275767969238894","-14.275767969238894","-14.275452853022912","-14.275452853022912","-14.275452853022912","-14.276248998785878","-14.276248998785878","-14.276248998785878","-14.27597803671916","-14.27597803671916","-14.27597803671916"
"41","-14.260434822691824","-14.260434822691824","-14.260434822691824","-14.265653784593297","-14.265653784593297","-14.265653784593297","-14.267332032060366","-14.267332032060366","-14.267332032060366","-14.277285379077089","-14.277285379077089","-14.277285379077089","-14.278093238371207","-14.278093238371207","-14.278093238371207","-14.277809939965483","-14.277809939965483","-14.277809939965483","-14.276565384224332","-14.276565384224332","-14.276565384224332","-14.276521192077928","-14.276521192077928","-14.276521192077928","-14.277930972260485","-14.277930972260485","-14.277930972260485","-14.276334185130438","-14.276334185130438","-14.276334185130438"
"42","-14.261178271796178","-14.261178271796178","-14.261178271796178","-14.261834334242003","-14.261834334242003","-14.261834334242003","-14.265827577247943","-14.265827577247943","-14.265827577247943","-14.275545452971766","-14.275545452971766","-14.275545452971766","-14.276575648777154","-14.276575648777154","-14.276575648777154","-14.27644406630569","-14.27644406630569","-14.27644406630569","-14.27611818347711","-14.27611818347711","-14.27611818347711","-14.275609304569896","-14.275609304569896","-14.275609304569896","-14.276407443575808","-14.276407443575808","-14.276407443575808","-14.277657441382","-14.277657441382","-14.277657441382"
"43","-14.261000583340207","-14.261000583340207","-14.261000583340207","-14.264919590919131","-14.264919590919131","-14.264919590919131","-14.269578199631006","-14.269578199631006","-14.269578199631006","-14.277794278680593","-14.277794278680593","-14.277794278680593","-14.277624226321096","-14.277624226321096","-14.277624226321096","-14.278025279558717","-14.278025279558717","-14.278025279558717","-14.277420779233356","-14.277420779233356","-14.277420779233356","-14.277085562811983","-14.277085562811983","-14.277085562811983","-14.277564007636183","-14.277564007636183","-14.277564007636183","-14.277062399839224","-14.277062399839224","-14.277062399839224"
"44","-14.260657462483346","-14.260657462483346","-14.260657462483346","-14.264046342277894","-14.264046342277894","-14.264046342277894","-14.26700973044895","-14.26700973044895","-14.26700973044895","-14.277077323800214","-14.277077323800214","-14.277077323800214","-14.278063403633075","-14.278063403633075","-14.278063403633075","-14.278048563719684","-14.278048563719684","-14.278048563719684","-14.277566879366503","-14.277566879366503","-14.277566879366503","-14.27669314424239","-14.27669314424239","-14.27669314424239","-14.27831154786416","-14.27831154786416","-14.27831154786416","-14.278237841489801","-14.278237841489801","-14.278237841489801"
"45","-14.264601100081249","-14.264601100081249","-14.264601100081249","-14.269410936610493","-14.269410936610493","-14.269410936610493","-14.267426733502859","-14.267426733502859","-14.267426733502859","-14.278009812830568","-14.278009812830568","-14.278009812830568","-14.278843936111244","-14.278843936111244","-14.278843936111244","-14.278815367886612","-14.278815367886612","-14.278815367886612","-14.278361650888964","-14.278361650888964","-14.278361650888964","-14.277803352872112","-14.277803352872112","-14.277803352872112","-14.278589111059826","-14.278589111059826","-14.278589111059826","-14.278761957377245","-14.278761957377245","-14.278761957377245"
"46","-14.264245454347716","-14.264245454347716","-14.264245454347716","-14.2670847733939","-14.2670847733939","-14.2670847733939","-14.268920549013462","-14.268920549013462","-14.268920549013462","-14.276989325410618","-14.276989325410618","-14.276989325410618","-14.278431025487867","-14.278431025487867","-14.278431025487867","-14.27813392909669","-14.27813392909669","-14.27813392909669","-14.278050912246712","-14.278050912246712","-14.278050912246712","-14.277281838083013","-14.277281838083013","-14.277281838083013","-14.27785013787177","-14.27785013787177","-14.27785013787177","-14.278123216343772","-14.278123216343772","-14.278123216343772"
"47","-14.26359656140848","-14.26359656140848","-14.26359656140848","-14.265848009486348","-14.265848009486348","-14.265848009486348","-14.2661690748327","-14.2661690748327","-14.2661690748327","-14.27890455862767","-14.27890455862767","-14.27890455862767","-14.279044594336387","-14.279044594336387","-14.279044594336387","-14.278820946829066","-14.278820946829066","-14.278820946829066","-14.278485185556477","-14.278485185556477","-14.278485185556477","-14.279010850105813","-14.279010850105813","-14.279010850105813","-14.278500595072906","-14.278500595072906","-14.278500595072906","-14.278457777439037","-14.278457777439037","-14.278457777439037"
"48","-14.262617732879363","-14.262617732879363","-14.262617732879363","-14.267106457150403","-14.267106457150403","-14.267106457150403","-14.269589811034141","-14.269589811034141","-14.269589811034141","-14.278912385257804","-14.278912385257804","-14.278912385257804","-14.279108004715315","-14.279108004715315","-14.279108004715315","-14.279147840957314","-14.279147840957314","-14.279147840957314","-14.278868849419645","-14.278868849419645","-14.278868849419645","-14.278352005292035","-14.278352005292035","-14.278352005292035","-14.278764282878786","-14.278764282878786","-14.278764282878786","-14.277959283447926","-14.277959283447926","-14.277959283447926"
"49","-14.267251559895074","-14.267251559895074","-14.267251559895074","-14.266876267016034","-14.266876267016034","-14.266876267016034","-14.266589283285843","-14.266589283285843","-14.266589283285843","-14.27748168891607","-14.27748168891607","-14.27748168891607","-14.27826423417309","-14.27826423417309","-14.27826423417309","-14.278149264038568","-14.278149264038568","-14.278149264038568","-14.278135404551797","-14.278135404551797","-14.278135404551797","-14.277833630742958","-14.277833630742958","-14.277833630742958","-14.278118176341483","-14.278118176341483","-14.278118176341483","-14.277878333018384","-14.277878333018384","-14.277878333018384"
"50","-14.267328845562744","-14.267328845562744","-14.267328845562744","-14.268052578412648","-14.268052578412648","-14.268052578412648","-14.26763402026831","-14.26763402026831","-14.26763402026831","-14.27816353541481","-14.27816353541481","-14.27816353541481","-14.278472332565286","-14.278472332565286","-14.278472332565286","-14.278686788414571","-14.278686788414571","-14.278686788414571","-14.278440829977528","-14.278440829977528","-14.278440829977528","-14.278552093294383","-14.278552093294383","-14.278552093294383","-14.278211501261701","-14.278211501261701","-14.278211501261701","-14.277564382615566","-14.277564382615566","-14.277564382615566"
"51","-14.264668744499286","-14.264668744499286","-14.264668744499286","-14.268436136031207","-14.268436136031207","-14.268436136031207","-14.268153830959356","-14.268153830959356","-14.268153830959356","-14.277905752014961","-14.277905752014961","-14.277905752014961","-14.27840317877364","-14.27840317877364","-14.27840317877364","-14.278693985048326","-14.278693985048326","-14.278693985048326","-14.278455423351996","-14.278455423351996","-14.278455423351996","-14.27810420810949","-14.27810420810949","-14.27810420810949","-14.278120806143956","-14.278120806143956","-14.278120806143956","-14.278554100129853","-14.278554100129853","-14.278554100129853"
"52","-14.264903895928521","-14.264903895928521","-14.264903895928521","-14.270016918846995","-14.270016918846995","-14.270016918846995","-14.27026087870576","-14.27026087870576","-14.27026087870576","-14.27931509996977","-14.27931509996977","-14.27931509996977","-14.28011324199546","-14.28011324199546","-14.28011324199546","-14.279828117571236","-14.279828117571236","-14.279828117571236","-14.279423461522928","-14.279423461522928","-14.279423461522928","-14.27927081437897","-14.27927081437897","-14.27927081437897","-14.279743658717312","-14.279743658717312","-14.279743658717312","-14.27854186239256","-14.27854186239256","-14.27854186239256"
"53","-14.26739116693523","-14.26739116693523","-14.26739116693523","-14.268374203619395","-14.268374203619395","-14.268374203619395","-14.267887177699974","-14.267887177699974","-14.267887177699974","-14.278505602393517","-14.278505602393517","-14.278505602393517","-14.278714115983357","-14.278714115983357","-14.278714115983357","-14.278716780113228","-14.278716780113228","-14.278716780113228","-14.278596763801579","-14.278596763801579","-14.278596763801579","-14.278945539139887","-14.278945539139887","-14.278945539139887","-14.278790947172581","-14.278790947172581","-14.278790947172581","-14.27944018137174","-14.27944018137174","-14.27944018137174"
"54","-14.267167829882624","-14.267167829882624","-14.267167829882624","-14.27373604063309","-14.27373604063309","-14.27373604063309","-14.268071938091857","-14.268071938091857","-14.268071938091857","-14.278106712963513","-14.278106712963513","-14.278106712963513","-14.2791612187062","-14.2791612187062","-14.2791612187062","-14.279155120296718","-14.279155120296718","-14.279155120296718","-14.278853696101397","-14.278853696101397","-14.278853696101397","-14.278609533182795","-14.278609533182795","-14.278609533182795","-14.2788447387163","-14.2788447387163","-14.2788447387163","-14.278720323091767","-14.278720323091767","-14.278720323091767"
"55","-14.270124205690582","-14.270124205690582","-14.270124205690582","-14.271905430621315","-14.271905430621315","-14.271905430621315","-14.271650323870698","-14.271650323870698","-14.271650323870698","-14.278910994281205","-14.278910994281205","-14.278910994281205","-14.279149188706368","-14.279149188706368","-14.279149188706368","-14.279271285449239","-14.279271285449239","-14.279271285449239","-14.278632482788028","-14.278632482788028","-14.278632482788028","-14.279073373922385","-14.279073373922385","-14.279073373922385","-14.279165086325087","-14.279165086325087","-14.279165086325087","-14.278477796414323","-14.278477796414323","-14.278477796414323"
"56","-14.268384766971867","-14.268384766971867","-14.268384766971867","-14.269016489310683","-14.269016489310683","-14.269016489310683","-14.269313928610778","-14.269313928610778","-14.269313928610778","-14.2782229302039","-14.2782229302039","-14.2782229302039","-14.278693002651728","-14.278693002651728","-14.278693002651728","-14.279009584047774","-14.279009584047774","-14.279009584047774","-14.27844257599114","-14.27844257599114","-14.27844257599114","-14.278153763234581","-14.278153763234581","-14.278153763234581","-14.278871234721388","-14.278871234721388","-14.278871234721388","-14.279040998374553","-14.279040998374553","-14.279040998374553"
"57","-14.268194407073711","-14.268194407073711","-14.268194407073711","-14.273416883394635","-14.273416883394635","-14.273416883394635","-14.271308513247096","-14.271308513247096","-14.271308513247096","-14.27853479100937","-14.27853479100937","-14.27853479100937","-14.279054872423409","-14.279054872423409","-14.279054872423409","-14.279004065113302","-14.279004065113302","-14.279004065113302","-14.278459341710285","-14.278459341710285","-14.278459341710285","-14.278897538398914","-14.278897538398914","-14.278897538398914","-14.279023905947682","-14.279023905947682","-14.279023905947682","-14.279348358517609","-14.279348358517609","-14.279348358517609"
"58","-14.272170219042518","-14.272170219042518","-14.272170219042518","-14.272816042126559","-14.272816042126559","-14.272816042126559","-14.272257680903351","-14.272257680903351","-14.272257680903351","-14.278350616452709","-14.278350616452709","-14.278350616452709","-14.278868058422816","-14.278868058422816","-14.278868058422816","-14.278828767158341","-14.278828767158341","-14.278828767158341","-14.279104291750581","-14.279104291750581","-14.279104291750581","-14.278500962974498","-14.278500962974498","-14.278500962974498","-14.278928224319666","-14.278928224319666","-14.278928224319666","-14.278880536590638","-14.278880536590638","-14.278880536590638"
"59","-14.26748316979133","-14.26748316979133","-14.26748316979133","-14.268866465282795","-14.268866465282795","-14.268866465282795","-14.270393576998854","-14.270393576998854","-14.270393576998854","-14.279535535250169","-14.279535535250169","-14.279535535250169","-14.279649219400415","-14.279649219400415","-14.279649219400415","-14.279641579321023","-14.279641579321023","-14.279641579321023","-14.279329537348897","-14.279329537348897","-14.279329537348897","-14.279367318837735","-14.279367318837735","-14.279367318837735","-14.279432323636746","-14.279432323636746","-14.279432323636746","-14.278379074267491","-14.278379074267491","-14.278379074267491"
"60","-14.269015660219452","-14.269015660219452","-14.269015660219452","-14.273731436512342","-14.273731436512342","-14.273731436512342","-14.270924099321098","-14.270924099321098","-14.270924099321098","-14.279250324531805","-14.279250324531805","-14.279250324531805","-14.279424899591735","-14.279424899591735","-14.279424899591735","-14.279559216355594","-14.279559216355594","-14.279559216355594","-14.278862751210486","-14.278862751210486","-14.278862751210486","-14.278999307745702","-14.278999307745702","-14.278999307745702","-14.279307572843834","-14.279307572843834","-14.279307572843834","-14.278236654884992","-14.278236654884992","-14.278236654884992"
"61","-14.267950377013983","-14.267950377013983","-14.267950377013983","-14.27160579587238","-14.27160579587238","-14.27160579587238","-14.270896226326533","-14.270896226326533","-14.270896226326533","-14.278694609364553","-14.278694609364553","-14.278694609364553","-14.278573443110613","-14.278573443110613","-14.278573443110613","-14.278613312342145","-14.278613312342145","-14.278613312342145","-14.278640656675371","-14.278640656675371","-14.278640656675371","-14.278186000984388","-14.278186000984388","-14.278186000984388","-14.279037511743116","-14.279037511743116","-14.279037511743116","-14.278768226308049","-14.278768226308049","-14.278768226308049"
"62","-14.269951341559757","-14.269951341559757","-14.269951341559757","-14.269018324727426","-14.269018324727426","-14.269018324727426","-14.26913082710228","-14.26913082710228","-14.26913082710228","-14.279523163549651","-14.279523163549651","-14.279523163549651","-14.2793404405292","-14.2793404405292","-14.2793404405292","-14.279515510245982","-14.279515510245982","-14.279515510245982","-14.279328596640275","-14.279328596640275","-14.279328596640275","-14.279355542964225","-14.279355542964225","-14.279355542964225","-14.27944327602035","-14.27944327602035","-14.27944327602035","-14.27867760203062","-14.27867760203062","-14.27867760203062"
"63","-14.26648118393266","-14.26648118393266","-14.26648118393266","-14.271884490036669","-14.271884490036669","-14.271884490036669","-14.270970212798723","-14.270970212798723","-14.270970212798723","-14.279181416031498","-14.279181416031498","-14.279181416031498","-14.279057698260752","-14.279057698260752","-14.279057698260752","-14.279312142180295","-14.279312142180295","-14.279312142180295","-14.27949291626924","-14.27949291626924","-14.27949291626924","-14.27935338723181","-14.27935338723181","-14.27935338723181","-14.27920611017101","-14.27920611017101","-14.27920611017101","-14.279198174035086","-14.279198174035086","-14.279198174035086"
"64","-14.271261141764075","-14.271261141764075","-14.271261141764075","-14.271546882705817","-14.271546882705817","-14.271546882705817","-14.272423244277046","-14.272423244277046","-14.272423244277046","-14.279359246042006","-14.279359246042006","-14.279359246042006","-14.279529311296493","-14.279529311296493","-14.279529311296493","-14.279470826897231","-14.279470826897231","-14.279470826897231","-14.279600444887109","-14.279600444887109","-14.279600444887109","-14.279453823666248","-14.279453823666248","-14.279453823666248","-14.279308769826152","-14.279308769826152","-14.279308769826152","-14.278898745232329","-14.278898745232329","-14.278898745232329"
"65","-14.271270140207871","-14.271270140207871","-14.271270140207871","-14.268067587594606","-14.268067587594606","-14.268067587594606","-14.270274868052761","-14.270274868052761","-14.270274868052761","-14.279206167377007","-14.279206167377007","-14.279206167377007","-14.279149652054166","-14.279149652054166","-14.279149652054166","-14.279331117165402","-14.279331117165402","-14.279331117165402","-14.278990513537599","-14.278990513537599","-14.278990513537599","-14.279795809683266","-14.279795809683266","-14.279795809683266","-14.278975701664434","-14.278975701664434","-14.278975701664434","-14.27855479757265","-14.27855479757265","-14.27855479757265"
"66","-14.270112998683869","-14.270112998683869","-14.270112998683869","-14.271818094129602","-14.271818094129602","-14.271818094129602","-14.270470314450314","-14.270470314450314","-14.270470314450314","-14.279503273731393","-14.279503273731393","-14.279503273731393","-14.279340202676913","-14.279340202676913","-14.279340202676913","-14.279414432057862","-14.279414432057862","-14.279414432057862","-14.279395932111715","-14.279395932111715","-14.279395932111715","-14.279233350925878","-14.279233350925878","-14.279233350925878","-14.279069671718922","-14.279069671718922","-14.279069671718922","-14.27887933649001","-14.27887933649001","-14.27887933649001"
"67","-14.273071441320976","-14.273071441320976","-14.273071441320976","-14.273276859878681","-14.273276859878681","-14.273276859878681","-14.274297501894704","-14.274297501894704","-14.274297501894704","-14.27922635192435","-14.27922635192435","-14.27922635192435","-14.279236186842592","-14.279236186842592","-14.279236186842592","-14.279328565841311","-14.279328565841311","-14.279328565841311","-14.279310852953394","-14.279310852953394","-14.279310852953394","-14.279299321974023","-14.279299321974023","-14.279299321974023","-14.27931783498013","-14.27931783498013","-14.27931783498013","-14.278784172115895","-14.278784172115895","-14.278784172115895"
"68","-14.269542433292985","-14.269542433292985","-14.269542433292985","-14.270792576996579","-14.270792576996579","-14.270792576996579","-14.27095843814989","-14.27095843814989","-14.27095843814989","-14.279775628736708","-14.279775628736708","-14.279775628736708","-14.27958519959104","-14.27958519959104","-14.27958519959104","-14.279857337731162","-14.279857337731162","-14.279857337731162","-14.279762290206682","-14.279762290206682","-14.279762290206682","-14.279794386986858","-14.279794386986858","-14.279794386986858","-14.279802346930829","-14.279802346930829","-14.279802346930829","-14.278919102907594","-14.278919102907594","-14.278919102907594"
"69","-14.273940049660784","-14.273940049660784","-14.273940049660784","-14.272574391954832","-14.272574391954832","-14.272574391954832","-14.272131140719868","-14.272131140719868","-14.272131140719868","-14.279309245528925","-14.279309245528925","-14.279309245528925","-14.2795083203033","-14.2795083203033","-14.2795083203033","-14.279424177687947","-14.279424177687947","-14.279424177687947","-14.279478118504391","-14.279478118504391","-14.279478118504391","-14.279344351788026","-14.279344351788026","-14.279344351788026","-14.279487612684314","-14.279487612684314","-14.279487612684314","-14.278740552565342","-14.278740552565342","-14.278740552565342"
"70","-14.26754903833321","-14.26754903833321","-14.26754903833321","-14.27256368359661","-14.27256368359661","-14.27256368359661","-14.274072150685106","-14.274072150685106","-14.274072150685106","-14.278819838317563","-14.278819838317563","-14.278819838317563","-14.278858792312285","-14.278858792312285","-14.278858792312285","-14.279115077272202","-14.279115077272202","-14.279115077272202","-14.279090311137626","-14.279090311137626","-14.279090311137626","-14.278808398565854","-14.278808398565854","-14.278808398565854","-14.279013584467661","-14.279013584467661","-14.279013584467661","-14.279287060785139","-14.279287060785139","-14.279287060785139"
"71","-14.27384584316963","-14.27384584316963","-14.27384584316963","-14.274825443714565","-14.274825443714565","-14.274825443714565","-14.273643828656343","-14.273643828656343","-14.273643828656343","-14.279827751852626","-14.279827751852626","-14.279827751852626","-14.279391011318936","-14.279391011318936","-14.279391011318936","-14.279646920329647","-14.279646920329647","-14.279646920329647","-14.279104118722223","-14.279104118722223","-14.279104118722223","-14.279167994730882","-14.279167994730882","-14.279167994730882","-14.279210403890229","-14.279210403890229","-14.279210403890229","-14.279480476381252","-14.279480476381252","-14.279480476381252"
"72","-14.270108898243555","-14.270108898243555","-14.270108898243555","-14.271884377525234","-14.271884377525234","-14.271884377525234","-14.271359702537124","-14.271359702537124","-14.271359702537124","-14.278661647409082","-14.278661647409082","-14.278661647409082","-14.278623513344428","-14.278623513344428","-14.278623513344428","-14.278608626376773","-14.278608626376773","-14.278608626376773","-14.279067220796179","-14.279067220796179","-14.279067220796179","-14.278765048998268","-14.278765048998268","-14.278765048998268","-14.278598002495869","-14.278598002495869","-14.278598002495869","-14.277992640877223","-14.277992640877223","-14.277992640877223"
"73","-14.273142208676857","-14.273142208676857","-14.273142208676857","-14.27284711064745","-14.27284711064745","-14.27284711064745","-14.271958020412933","-14.271958020412933","-14.271958020412933","-14.278717693701122","-14.278717693701122","-14.278717693701122","-14.279094929172205","-14.279094929172205","-14.279094929172205","-14.278919066563144","-14.278919066563144","-14.278919066563144","-14.278855263009454","-14.278855263009454","-14.278855263009454","-14.279229339999029","-14.279229339999029","-14.279229339999029","-14.278828102588943","-14.278828102588943","-14.278828102588943","-14.27835975567892","-14.27835975567892","-14.27835975567892"
"74","-14.267839191335126","-14.267839191335126","-14.267839191335126","-14.271760864321891","-14.271760864321891","-14.271760864321891","-14.271015776172675","-14.271015776172675","-14.271015776172675","-14.279455680714623","-14.279455680714623","-14.279455680714623","-14.279221150821396","-14.279221150821396","-14.279221150821396","-14.279180547130622","-14.279180547130622","-14.279180547130622","-14.27923443223489","-14.27923443223489","-14.27923443223489","-14.279300384004507","-14.279300384004507","-14.279300384004507","-14.279489197736666","-14.279489197736666","-14.279489197736666","-14.279556680910868","-14.279556680910868","-14.279556680910868"
"75","-14.269931283155259","-14.269931283155259","-14.269931283155259","-14.273635057884032","-14.273635057884032","-14.273635057884032","-14.27265537566706","-14.27265537566706","-14.27265537566706","-14.279338887482336","-14.279338887482336","-14.279338887482336","-14.279280974345719","-14.279280974345719","-14.279280974345719","-14.279290535447233","-14.279290535447233","-14.279290535447233","-14.279585342771025","-14.279585342771025","-14.279585342771025","-14.279500033543451","-14.279500033543451","-14.279500033543451","-14.279505741362037","-14.279505741362037","-14.279505741362037","-14.279192976183893","-14.279192976183893","-14.279192976183893"
"76","-14.271135139001867","-14.271135139001867","-14.271135139001867","-14.2716703530324","-14.2716703530324","-14.2716703530324","-14.273654904324292","-14.273654904324292","-14.273654904324292","-14.279290619663216","-14.279290619663216","-14.279290619663216","-14.279130145824762","-14.279130145824762","-14.279130145824762","-14.279091293805646","-14.279091293805646","-14.279091293805646","-14.27933409219357","-14.27933409219357","-14.27933409219357","-14.27931886269352","-14.27931886269352","-14.27931886269352","-14.278908550383047","-14.278908550383047","-14.278908550383047","-14.279270322780263","-14.279270322780263","-14.279270322780263"
"77","-14.274465015156064","-14.274465015156064","-14.274465015156064","-14.272832191825103","-14.272832191825103","-14.272832191825103","-14.272813188278787","-14.272813188278787","-14.272813188278787","-14.279136340730343","-14.279136340730343","-14.279136340730343","-14.279048150570809","-14.279048150570809","-14.279048150570809","-14.279147072754911","-14.279147072754911","-14.279147072754911","-14.27922661740503","-14.27922661740503","-14.27922661740503","-14.27933249880154","-14.27933249880154","-14.27933249880154","-14.279582052699807","-14.279582052699807","-14.279582052699807","-14.279137023391046","-14.279137023391046","-14.279137023391046"
"78","-14.27298886865115","-14.27298886865115","-14.27298886865115","-14.273986543875274","-14.273986543875274","-14.273986543875274","-14.271484930826691","-14.271484930826691","-14.271484930826691","-14.278807091373405","-14.278807091373405","-14.278807091373405","-14.27862142806051","-14.27862142806051","-14.27862142806051","-14.278766742055362","-14.278766742055362","-14.278766742055362","-14.278901065537713","-14.278901065537713","-14.278901065537713","-14.278918025154272","-14.278918025154272","-14.278918025154272","-14.279058761152204","-14.279058761152204","-14.279058761152204","-14.27910934219407","-14.27910934219407","-14.27910934219407"
"79","-14.272481334032054","-14.272481334032054","-14.272481334032054","-14.273169375622226","-14.273169375622226","-14.273169375622226","-14.270331029102042","-14.270331029102042","-14.270331029102042","-14.27918904940125","-14.27918904940125","-14.27918904940125","-14.279196578707477","-14.279196578707477","-14.279196578707477","-14.27946314413321","-14.27946314413321","-14.27946314413321","-14.278865270987746","-14.278865270987746","-14.278865270987746","-14.278913751572219","-14.278913751572219","-14.278913751572219","-14.279461895185996","-14.279461895185996","-14.279461895185996","-14.278971114620227","-14.278971114620227","-14.278971114620227"
"80","","","","","","","-14.273881908393978","-14.273881908393978","-14.273881908393978","-14.279180597882835","-14.279180597882835","-14.279180597882835","-14.279297438589527","-14.279297438589527","-14.279297438589527","-14.279406774189155","-14.279406774189155","-14.279406774189155","-14.279496770170836","-14.279496770170836","-14.279496770170836","-14.279827596904948","-14.279827596904948","-14.279827596904948","-14.279303012638792","-14.279303012638792","-14.279303012638792","-14.27893070653597","-14.27893070653597","-14.27893070653597"
"81","","","","","","","-14.270606935796156","-14.270606935796156","-14.270606935796156","-14.279017270924548","-14.279017270924548","-14.279017270924548","-14.278824959079445","-14.278824959079445","-14.278824959079445","-14.278846521302842","-14.278846521302842","-14.278846521302842","-14.279274040893423","-14.279274040893423","-14.279274040893423","-14.278847680558847","-14.278847680558847","-14.278847680558847","-14.279422158592906","-14.279422158592906","-14.279422158592906","-14.27899730740267","-14.27899730740267","-14.27899730740267"
"82","","","","","","","-14.273594595533389","-14.273594595533389","-14.273594595533389","-14.278811731292947","-14.278811731292947","-14.278811731292947","-14.27874915343471","-14.27874915343471","-14.27874915343471","-14.278615361874667","-14.278615361874667","-14.278615361874667","-14.278671818884362","-14.278671818884362","-14.278671818884362","-14.27854890860814","-14.27854890860814","-14.27854890860814","-14.279209171345883","-14.279209171345883","-14.279209171345883","-14.278925655186484","-14.278925655186484","-14.278925655186484"
"83","","","","","","","-14.271028221276284","-14.271028221276284","-14.271028221276284","-14.278806377319064","-14.278806377319064","-14.278806377319064","-14.278784841958366","-14.278784841958366","-14.278784841958366","-14.278886238549045","-14.278886238549045","-14.278886238549045","-14.278436328805885","-14.278436328805885","-14.278436328805885","-14.27861660816505","-14.27861660816505","-14.27861660816505","-14.278545120483393","-14.278545120483393","-14.278545120483393","-14.279523893398872","-14.279523893398872","-14.279523893398872"
"84","","","","","","","-14.274214687094274","-14.274214687094274","-14.274214687094274","-14.279397551298954","-14.279397551298954","-14.279397551298954","-14.279135591536575","-14.279135591536575","-14.279135591536575","-14.278855427326127","-14.278855427326127","-14.278855427326127","-14.278969204624477","-14.278969204624477","-14.278969204624477","-14.27928138988701","-14.27928138988701","-14.27928138988701","-14.279059796309097","-14.279059796309097","-14.279059796309097","-14.278475978107005","-14.278475978107005","-14.278475978107005"
"85","","","","","","","-14.274637631885922","-14.274637631885922","-14.274637631885922","-14.279536034795768","-14.279536034795768","-14.279536034795768","-14.279501670438812","-14.279501670438812","-14.279501670438812","-14.27933165469502","-14.27933165469502","-14.27933165469502","-14.279472639239795","-14.279472639239795","-14.279472639239795","-14.27955348340655","-14.27955348340655","-14.27955348340655","-14.279304183623193","-14.279304183623193","-14.279304183623193","-14.278359390528284","-14.278359390528284","-14.278359390528284"
"86","","","","","","","-14.270010283108935","-14.270010283108935","-14.270010283108935","-14.279043490018994","-14.279043490018994","-14.279043490018994","-14.279109200669446","-14.279109200669446","-14.279109200669446","-14.279256262350097","-14.279256262350097","-14.279256262350097","-14.278810377939651","-14.278810377939651","-14.278810377939651","-14.27905681276317","-14.27905681276317","-14.27905681276317","-14.279284914499032","-14.279284914499032","-14.279284914499032","-14.279280281346187","-14.279280281346187","-14.279280281346187"
"87","","","","","","","-14.271537737302616","-14.271537737302616","-14.271537737302616","-14.27925088839402","-14.27925088839402","-14.27925088839402","-14.278914790974664","-14.278914790974664","-14.278914790974664","-14.278889159980125","-14.278889159980125","-14.278889159980125","-14.279153184913945","-14.279153184913945","-14.279153184913945","-14.279737998006073","-14.279737998006073","-14.279737998006073","-14.279024879468476","-14.279024879468476","-14.279024879468476","-14.27958484943727","-14.27958484943727","-14.27958484943727"
"88","","","","","","","-14.272454482148515","-14.272454482148515","-14.272454482148515","-14.279378760710845","-14.279378760710845","-14.279378760710845","-14.279172936270495","-14.279172936270495","-14.279172936270495","-14.279095938771263","-14.279095938771263","-14.279095938771263","-14.279337553229922","-14.279337553229922","-14.279337553229922","-14.279328665854027","-14.279328665854027","-14.279328665854027","-14.279295298291334","-14.279295298291334","-14.279295298291334","-14.279803470795056","-14.279803470795056","-14.279803470795056"
"89","","","","","","","-14.270988516023419","-14.270988516023419","-14.270988516023419","-14.27887251372282","-14.27887251372282","-14.27887251372282","-14.27878514038754","-14.27878514038754","-14.27878514038754","-14.278806924387432","-14.278806924387432","-14.278806924387432","-14.27884775526975","-14.27884775526975","-14.27884775526975","-14.279204395580312","-14.279204395580312","-14.279204395580312","-14.27856883139365","-14.27856883139365","-14.27856883139365","-14.279028050467973","-14.279028050467973","-14.279028050467973"
"90","","","","","","","-14.275326462408758","-14.275326462408758","-14.275326462408758","-14.278234394905308","-14.278234394905308","-14.278234394905308","-14.278342214877537","-14.278342214877537","-14.278342214877537","-14.278590816565362","-14.278590816565362","-14.278590816565362","-14.278983849049403","-14.278983849049403","-14.278983849049403","-14.27868195541855","-14.27868195541855","-14.27868195541855","-14.278681210746733","-14.278681210746733","-14.278681210746733","-14.279537350284283","-14.279537350284283","-14.279537350284283"
"91","","","","","","","-14.273342317925984","-14.273342317925984","-14.273342317925984","-14.27885309925301","-14.27885309925301","-14.27885309925301","-14.27917575478213","-14.27917575478213","-14.27917575478213","-14.279316430145055","-14.279316430145055","-14.279316430145055","-14.278851647936632","-14.278851647936632","-14.278851647936632","-14.278695604680067","-14.278695604680067","-14.278695604680067","-14.27897264958127","-14.27897264958127","-14.27897264958127","-14.279630877586872","-14.279630877586872","-14.279630877586872"
"92","","","","","","","-14.27399621080368","-14.27399621080368","-14.27399621080368","-14.279066399971196","-14.279066399971196","-14.279066399971196","-14.279520292639443","-14.279520292639443","-14.279520292639443","-14.279461398038514","-14.279461398038514","-14.279461398038514","-14.27931353888642","-14.27931353888642","-14.27931353888642","-14.279040786367368","-14.279040786367368","-14.279040786367368","-14.279212567893321","-14.279212567893321","-14.279212567893321","-14.279119780097847","-14.279119780097847","-14.279119780097847"
"93","","","","","","","-14.275827705008044","-14.275827705008044","-14.275827705008044","-14.278929971331932","-14.278929971331932","-14.278929971331932","-14.279333157777419","-14.279333157777419","-14.279333157777419","-14.279150799412966","-14.279150799412966","-14.279150799412966","-14.279070129900335","-14.279070129900335","-14.279070129900335","-14.278941063945233","-14.278941063945233","-14.278941063945233","-14.278989884504895","-14.278989884504895","-14.278989884504895","-14.27882054872215","-14.27882054872215","-14.27882054872215"
"94","","","","","","","-14.273758833562944","-14.273758833562944","-14.273758833562944","-14.279029610550207","-14.279029610550207","-14.279029610550207","-14.278873375043606","-14.278873375043606","-14.278873375043606","-14.278887712012187","-14.278887712012187","-14.278887712012187","-14.278807130911105","-14.278807130911105","-14.278807130911105","-14.278805707900997","-14.278805707900997","-14.278805707900997","-14.278899325611206","-14.278899325611206","-14.278899325611206","-14.278904883214771","-14.278904883214771","-14.278904883214771"
"95","","","","","","","-14.271729598797856","-14.271729598797856","-14.271729598797856","-14.278553832835986","-14.278553832835986","-14.278553832835986","-14.27868683184512","-14.27868683184512","-14.27868683184512","-14.278942670618312","-14.278942670618312","-14.278942670618312","-14.278536034679854","-14.278536034679854","-14.278536034679854","-14.278525989529042","-14.278525989529042","-14.278525989529042","-14.278725921632777","-14.278725921632777","-14.278725921632777","-14.278965603569997","-14.278965603569997","-14.278965603569997"
"96","","","","","","","-14.272099456590349","-14.272099456590349","-14.272099456590349","-14.278489547528993","-14.278489547528993","-14.278489547528993","-14.278329939532512","-14.278329939532512","-14.278329939532512","-14.278251212792714","-14.278251212792714","-14.278251212792714","-14.277972802899384","-14.277972802899384","-14.277972802899384","-14.278327934807926","-14.278327934807926","-14.278327934807926","-14.278351072118086","-14.278351072118086","-14.278351072118086","-14.279487416892513","-14.279487416892513","-14.279487416892513"
"97","","","","","","","-14.275627621259762","-14.275627621259762","-14.275627621259762","-14.279275470295559","-14.279275470295559","-14.279275470295559","-14.278975709253162","-14.278975709253162","-14.278975709253162","-14.279172426580416","-14.279172426580416","-14.279172426580416","-14.280028783695638","-14.280028783695638","-14.280028783695638","-14.279543027060312","-14.279543027060312","-14.279543027060312","-14.279662332257777","-14.279662332257777","-14.279662332257777","-14.279231681075373","-14.279231681075373","-14.279231681075373"
"98","","","","","","","-14.272217879420246","-14.272217879420246","-14.272217879420246","-14.278945214599535","-14.278945214599535","-14.278945214599535","-14.279379448633797","-14.279379448633797","-14.279379448633797","-14.279446221036922","-14.279446221036922","-14.279446221036922","-14.2790857577289","-14.2790857577289","-14.2790857577289","-14.27923949891927","-14.27923949891927","-14.27923949891927","-14.279380694051984","-14.279380694051984","-14.279380694051984","-14.278998847681546","-14.278998847681546","-14.278998847681546"
"99","","","","","","","-14.273443940286331","-14.273443940286331","-14.273443940286331","-14.279593412436757","-14.279593412436757","-14.279593412436757","-14.279434995805547","-14.279434995805547","-14.279434995805547","-14.27938902191958","-14.27938902191958","-14.27938902191958","-14.279062985712683","-14.279062985712683","-14.279062985712683","-14.279350718847486","-14.279350718847486","-14.279350718847486","-14.2797451314221","-14.2797451314221","-14.2797451314221","-14.278903512792567","-14.278903512792567","-14.278903512792567"
"100","","","","","","","-14.274984198960427","-14.274984198960427","-14.274984198960427","-14.279055720385003","-14.279055720385003","-14.279055720385003","-14.27864510661251","-14.27864510661251","-14.27864510661251","-14.278966266366613","-14.278966266366613","-14.278966266366613","-14.278783554352392","-14.278783554352392","-14.278783554352392","-14.278878357610182","-14.278878357610182","-14.278878357610182","-14.278493197548393","-14.278493197548393","-14.278493197548393","-14.279130586672242","-14.279130586672242","-14.279130586672242"
"101","","","","","","","-14.273664767775752","-14.273664767775752","-14.273664767775752","-14.27902494442863","-14.27902494442863","-14.27902494442863","-14.279092710789373","-14.279092710789373","-14.279092710789373","-14.278940455225378","-14.278940455225378","-14.278940455225378","-14.279155230432888","-14.279155230432888","-14.279155230432888","-14.279287593559562","-14.279287593559562","-14.279287593559562","-14.279275661783569","-14.279275661783569","-14.279275661783569","-14.278915933050015","-14.278915933050015","-14.278915933050015"
"102","","","","","","","-14.271211071224494","-14.271211071224494","-14.271211071224494","-14.278879683563702","-14.278879683563702","-14.278879683563702","-14.279204770926707","-14.279204770926707","-14.279204770926707","-14.279247711205674","-14.279247711205674","-14.279247711205674","-14.279331115894083","-14.279331115894083","-14.279331115894083","-14.279349504376778","-14.279349504376778","-14.279349504376778","-14.279222241441586","-14.279222241441586","-14.279222241441586","-14.279536617837287","-14.279536617837287","-14.279536617837287"
"103","","","","","","","-14.271294000121788","-14.271294000121788","-14.271294000121788","-14.28018942674142","-14.28018942674142","-14.28018942674142","-14.279602653571","-14.279602653571","-14.279602653571","-14.279484012643136","-14.279484012643136","-14.279484012643136","-14.279638703901217","-14.279638703901217","-14.279638703901217","-14.279442881021073","-14.279442881021073","-14.279442881021073","-14.279728316126404","-14.279728316126404","-14.279728316126404","-14.278760824038969","-14.278760824038969","-14.278760824038969"
"104","","","","","","","-14.276083726978275","-14.276083726978275","-14.276083726978275","-14.278707398429766","-14.278707398429766","-14.278707398429766","-14.278552208666497","-14.278552208666497","-14.278552208666497","-14.278651057440932","-14.278651057440932","-14.278651057440932","-14.278990353372766","-14.278990353372766","-14.278990353372766","-14.278431265028882","-14.278431265028882","-14.278431265028882","-14.278780301751475","-14.278780301751475","-14.278780301751475","-14.27884239896401","-14.27884239896401","-14.27884239896401"
"105","","","","","","","-14.273171319257001","-14.273171319257001","-14.273171319257001","-14.279291357156175","-14.279291357156175","-14.279291357156175","-14.27946064427799","-14.27946064427799","-14.27946064427799","-14.279656666902355","-14.279656666902355","-14.279656666902355","-14.279027303540607","-14.279027303540607","-14.279027303540607","-14.278976608418542","-14.278976608418542","-14.278976608418542","-14.279487022555076","-14.279487022555076","-14.279487022555076","-14.279462108656752","-14.279462108656752","-14.279462108656752"
"106","","","","","","","-14.27188151907474","-14.27188151907474","-14.27188151907474","-14.279166229699424","-14.279166229699424","-14.279166229699424","-14.27894252896845","-14.27894252896845","-14.27894252896845","-14.279076775790458","-14.279076775790458","-14.279076775790458","-14.279168924177226","-14.279168924177226","-14.279168924177226","-14.279140991692259","-14.279140991692259","-14.279140991692259","-14.27949792816035","-14.27949792816035","-14.27949792816035","-14.279602559302333","-14.279602559302333","-14.279602559302333"
"107","","","","","","","-14.275106649625702","-14.275106649625702","-14.275106649625702","-14.278830818758717","-14.278830818758717","-14.278830818758717","-14.278423009699512","-14.278423009699512","-14.278423009699512","-14.278715473583416","-14.278715473583416","-14.278715473583416","-14.279213189540748","-14.279213189540748","-14.279213189540748","-14.279102455184344","-14.279102455184344","-14.279102455184344","-14.278436185658279","-14.278436185658279","-14.278436185658279","-14.278476394352072","-14.278476394352072","-14.278476394352072"
"108","","","","","","","-14.274582189766027","-14.274582189766027","-14.274582189766027","-14.279448726211335","-14.279448726211335","-14.279448726211335","-14.279106829605299","-14.279106829605299","-14.279106829605299","-14.279270756409254","-14.279270756409254","-14.279270756409254","-14.279190870898226","-14.279190870898226","-14.279190870898226","-14.278901430846615","-14.278901430846615","-14.278901430846615","-14.279143378692051","-14.279143378692051","-14.279143378692051","-14.279089870995652","-14.279089870995652","-14.279089870995652"
"109","","","","","","","-14.273802358267275","-14.273802358267275","-14.273802358267275","-14.279009629707364","-14.279009629707364","-14.279009629707364","-14.279033996127307","-14.279033996127307","-14.279033996127307","-14.278964165188572","-14.278964165188572","-14.278964165188572","-14.278715464436903","-14.278715464436903","-14.278715464436903","-14.27927351363145","-14.27927351363145","-14.27927351363145","-14.27912569139043","-14.27912569139043","-14.27912569139043","-14.278540137153808","-14.278540137153808","-14.278540137153808"
"110","","","","","","","-14.274646730456618","-14.274646730456618","-14.274646730456618","-14.27941061007439","-14.27941061007439","-14.27941061007439","-14.279542714707805","-14.279542714707805","-14.279542714707805","-14.279286810162112","-14.279286810162112","-14.279286810162112","-14.279577084049762","-14.279577084049762","-14.279577084049762","-14.279030950387753","-14.279030950387753","-14.279030950387753","-14.27941703475716","-14.27941703475716","-14.27941703475716","-14.279630749642948","-14.279630749642948","-14.279630749642948"
"111","","","","","","","-14.272076756016116","-14.272076756016116","-14.272076756016116","-14.279554907271743","-14.279554907271743","-14.279554907271743","-14.27932935114449","-14.27932935114449","-14.27932935114449","-14.279444096173428","-14.279444096173428","-14.279444096173428","-14.279484242533329","-14.279484242533329","-14.279484242533329","-14.279172488664642","-14.279172488664642","-14.279172488664642","-14.279255000004103","-14.279255000004103","-14.279255000004103","-14.279148282374427","-14.279148282374427","-14.279148282374427"
"112","","","","","","","-14.275631146401398","-14.275631146401398","-14.275631146401398","-14.279510327414481","-14.279510327414481","-14.279510327414481","-14.279296005027433","-14.279296005027433","-14.279296005027433","-14.279427672259793","-14.279427672259793","-14.279427672259793","-14.27973649191447","-14.27973649191447","-14.27973649191447","-14.279687665891494","-14.279687665891494","-14.279687665891494","-14.279338377379144","-14.279338377379144","-14.279338377379144","-14.27910541632929","-14.27910541632929","-14.27910541632929"
"113","","","","","","","-14.27596219570647","-14.27596219570647","-14.27596219570647","-14.278300384063954","-14.278300384063954","-14.278300384063954","-14.278541861479003","-14.278541861479003","-14.278541861479003","-14.278793453701676","-14.278793453701676","-14.278793453701676","-14.278821313180288","-14.278821313180288","-14.278821313180288","-14.27836611200231","-14.27836611200231","-14.27836611200231","-14.278526097589005","-14.278526097589005","-14.278526097589005","-14.278730020783215","-14.278730020783215","-14.278730020783215"
"114","","","","","","","-14.272472541887918","-14.272472541887918","-14.272472541887918","-14.278923342603314","-14.278923342603314","-14.278923342603314","-14.278550555012018","-14.278550555012018","-14.278550555012018","-14.278435012190723","-14.278435012190723","-14.278435012190723","-14.278040108565552","-14.278040108565552","-14.278040108565552","-14.278437668015414","-14.278437668015414","-14.278437668015414","-14.278530727983988","-14.278530727983988","-14.278530727983988","-14.279797821729405","-14.279797821729405","-14.279797821729405"
"115","","","","","","","-14.273797414626618","-14.273797414626618","-14.273797414626618","-14.278951655713493","-14.278951655713493","-14.278951655713493","-14.279437751069059","-14.279437751069059","-14.279437751069059","-14.279351087131282","-14.279351087131282","-14.279351087131282","-14.279836489732416","-14.279836489732416","-14.279836489732416","-14.280197094816419","-14.280197094816419","-14.280197094816419","-14.279343444928482","-14.279343444928482","-14.279343444928482","-14.279702031793422","-14.279702031793422","-14.279702031793422"
"116","","","","","","","-14.274700119971941","-14.274700119971941","-14.274700119971941","-14.278257200923807","-14.278257200923807","-14.278257200923807","-14.278994709004321","-14.278994709004321","-14.278994709004321","-14.27920098164042","-14.27920098164042","-14.27920098164042","-14.27853078283291","-14.27853078283291","-14.27853078283291","-14.279051008093116","-14.279051008093116","-14.279051008093116","-14.278751341852777","-14.278751341852777","-14.278751341852777","-14.279097888818594","-14.279097888818594","-14.279097888818594"
"117","","","","","","","-14.273561099018455","-14.273561099018455","-14.273561099018455","-14.278809574957132","-14.278809574957132","-14.278809574957132","-14.279065891354936","-14.279065891354936","-14.279065891354936","-14.27915047775734","-14.27915047775734","-14.27915047775734","-14.279279090537763","-14.279279090537763","-14.279279090537763","-14.279302996322809","-14.279302996322809","-14.279302996322809","-14.278780999743192","-14.278780999743192","-14.278780999743192","-14.278781716972757","-14.278781716972757","-14.278781716972757"
"118","","","","","","","-14.272245569870396","-14.272245569870396","-14.272245569870396","-14.27875560118737","-14.27875560118737","-14.27875560118737","-14.279180708307237","-14.279180708307237","-14.279180708307237","-14.279349567304195","-14.279349567304195","-14.279349567304195","-14.27934765389152","-14.27934765389152","-14.27934765389152","-14.279284101960274","-14.279284101960274","-14.279284101960274","-14.27919324782634","-14.27919324782634","-14.27919324782634","-14.27900211389317","-14.27900211389317","-14.27900211389317"
"119","","","","","","","-14.272391468237569","-14.272391468237569","-14.272391468237569","-14.278629032778326","-14.278629032778326","-14.278629032778326","-14.278712411190048","-14.278712411190048","-14.278712411190048","-14.278856193436948","-14.278856193436948","-14.278856193436948","-14.278738930093624","-14.278738930093624","-14.278738930093624","-14.278810832148572","-14.278810832148572","-14.278810832148572","-14.278545768921408","-14.278545768921408","-14.278545768921408","-14.279320792082927","-14.279320792082927","-14.279320792082927"