jobid	hy	cut	L	role	h	name	out_dir	submitted_at
58117266	0.0	magnetic_hz0.0	5	chain_up	0.7	p3d_hy0.0_m0.0_L5_up	/pscratch/sd/s/sanzharb/tc_nqs/phase3d/hy0.0/magnetic_hz0.0/L5	2026-09-09T13:44:30Z
58117266	0.0	magnetic_hz0.0	5	chain_up	0.75	p3d_hy0.0_m0.0_L5_up	/pscratch/sd/s/sanzharb/tc_nqs/phase3d/hy0.0/magnetic_hz0.0/L5	2026-09-09T13:44:30Z
58117266	0.0	magnetic_hz0.0	5	chain_up	0.8	p3d_hy0.0_m0.0_L5_up	/pscratch/sd/s/sanzharb/tc_nqs/phase3d/hy0.0/magnetic_hz0.0/L5	2026-09-09T13:44:30Z
58117266	0.0	magnetic_hz0.0	5	chain_up	0.85	p3d_hy0.0_m0.0_L5_up	/pscratch/sd/s/sanzharb/tc_nqs/phase3d/hy0.0/magnetic_hz0.0/L5	2026-09-09T13:44:30Z
58117266	0.0	magnetic_hz0.0	5	chain_up	0.9	p3d_hy0.0_m0.0_L5_up	/pscratch/sd/s/sanzharb/tc_nqs/phase3d/hy0.0/magnetic_hz0.0/L5	2026-09-09T13:44:30Z
58117266	0.0	magnetic_hz0.0	5	chain_up	0.95	p3d_hy0.0_m0.0_L5_up	/pscratch/sd/s/sanzharb/tc_nqs/phase3d/hy0.0/magnetic_hz0.0/L5	2026-09-09T13:44:30Z
58117266	0.0	magnetic_hz0.0	5	chain_up	1.0	p3d_hy0.0_m0.0_L5_up	/pscratch/sd/s/sanzharb/tc_nqs/phase3d/hy0.0/magnetic_hz0.0/L5	2026-09-09T13:44:30Z
58117267	0.0	magnetic_hz0.0	5	chain_dn	1.0	p3d_hy0.0_m0.0_L5_dn	/pscratch/sd/s/sanzharb/tc_nqs/phase3d/hy0.0/magnetic_hz0.0/L5	2026-09-09T13:44:30Z
58117267	0.0	magnetic_hz0.0	5	chain_dn	0.95	p3d_hy0.0_m0.0_L5_dn	/pscratch/sd/s/sanzharb/tc_nqs/phase3d/hy0.0/magnetic_hz0.0/L5	2026-09-09T13:44:30Z
58117267	0.0	magnetic_hz0.0	5	chain_dn	0.9	p3d_hy0.0_m0.0_L5_dn	/pscratch/sd/s/sanzharb/tc_nqs/phase3d/hy0.0/magnetic_hz0.0/L5	2026-09-09T13:44:30Z
58117267	0.0	magnetic_hz0.0	5	chain_dn	0.85	p3d_hy0.0_m0.0_L5_dn	/pscratch/sd/s/sanzharb/tc_nqs/phase3d/hy0.0/magnetic_hz0.0/L5	2026-09-09T13:44:30Z
58117267	0.0	magnetic_hz0.0	5	chain_dn	0.8	p3d_hy0.0_m0.0_L5_dn	/pscratch/sd/s/sanzharb/tc_nqs/phase3d/hy0.0/magnetic_hz0.0/L5	2026-09-09T13:44:30Z
58117267	0.0	magnetic_hz0.0	5	chain_dn	0.75	p3d_hy0.0_m0.0_L5_dn	/pscratch/sd/s/sanzharb/tc_nqs/phase3d/hy0.0/magnetic_hz0.0/L5	2026-09-09T13:44:30Z
58117267	0.0	magnetic_hz0.0	5	chain_dn	0.7	p3d_hy0.0_m0.0_L5_dn	/pscratch/sd/s/sanzharb/tc_nqs/phase3d/hy0.0/magnetic_hz0.0/L5	2026-09-09T13:44:30Z
58117267	0.0	magnetic_hz0.0	5	chain_dn	0.6	p3d_hy0.0_m0.0_L5_dn	/pscratch/sd/s/sanzharb/tc_nqs/phase3d/hy0.0/magnetic_hz0.0/L5	2026-09-09T13:44:30Z
58117269	0.0	magnetic_hz0.0	6	chain_up	0.65	p3d_hy0.0_m0.0_L6_up	/pscratch/sd/s/sanzharb/tc_nqs/phase3d/hy0.0/magnetic_hz0.0/L6	2026-09-09T13:44:32Z
58117272	0.0	magnetic_hz0.0	6	chain_dn	1.0	p3d_hy0.0_m0.0_L6_dn	/pscratch/sd/s/sanzharb/tc_nqs/phase3d/hy0.0/magnetic_hz0.0/L6	2026-09-09T13:44:34Z
58117272	0.0	magnetic_hz0.0	6	chain_dn	0.95	p3d_hy0.0_m0.0_L6_dn	/pscratch/sd/s/sanzharb/tc_nqs/phase3d/hy0.0/magnetic_hz0.0/L6	2026-09-09T13:44:34Z
58117272	0.0	magnetic_hz0.0	6	chain_dn	0.9	p3d_hy0.0_m0.0_L6_dn	/pscratch/sd/s/sanzharb/tc_nqs/phase3d/hy0.0/magnetic_hz0.0/L6	2026-09-09T13:44:34Z
58117272	0.0	magnetic_hz0.0	6	chain_dn	0.85	p3d_hy0.0_m0.0_L6_dn	/pscratch/sd/s/sanzharb/tc_nqs/phase3d/hy0.0/magnetic_hz0.0/L6	2026-09-09T13:44:34Z
58117272	0.0	magnetic_hz0.0	6	chain_dn	0.8	p3d_hy0.0_m0.0_L6_dn	/pscratch/sd/s/sanzharb/tc_nqs/phase3d/hy0.0/magnetic_hz0.0/L6	2026-09-09T13:44:34Z
58117272	0.0	magnetic_hz0.0	6	chain_dn	0.75	p3d_hy0.0_m0.0_L6_dn	/pscratch/sd/s/sanzharb/tc_nqs/phase3d/hy0.0/magnetic_hz0.0/L6	2026-09-09T13:44:34Z
58117272	0.0	magnetic_hz0.0	6	chain_dn	0.7	p3d_hy0.0_m0.0_L6_dn	/pscratch/sd/s/sanzharb/tc_nqs/phase3d/hy0.0/magnetic_hz0.0/L6	2026-09-09T13:44:34Z
58117272	0.0	magnetic_hz0.0	6	chain_dn	0.65	p3d_hy0.0_m0.0_L6_dn	/pscratch/sd/s/sanzharb/tc_nqs/phase3d/hy0.0/magnetic_hz0.0/L6	2026-09-09T13:44:34Z
58117274	0.0	magnetic_hz0.2	5	chain_up	0.7	p3d_hy0.0_m0.2_L5_up	/pscratch/sd/s/sanzharb/tc_nqs/phase3d/hy0.0/magnetic_hz0.2/L5	2026-09-09T13:44:36Z
58117276	0.0	magnetic_hz0.2	5	chain_dn	1.0	p3d_hy0.0_m0.2_L5_dn	/pscratch/sd/s/sanzharb/tc_nqs/phase3d/hy0.0/magnetic_hz0.2/L5	2026-09-09T13:44:36Z
58117276	0.0	magnetic_hz0.2	5	chain_dn	0.95	p3d_hy0.0_m0.2_L5_dn	/pscratch/sd/s/sanzharb/tc_nqs/phase3d/hy0.0/magnetic_hz0.2/L5	2026-09-09T13:44:36Z
58117276	0.0	magnetic_hz0.2	5	chain_dn	0.9	p3d_hy0.0_m0.2_L5_dn	/pscratch/sd/s/sanzharb/tc_nqs/phase3d/hy0.0/magnetic_hz0.2/L5	2026-09-09T13:44:36Z
58117276	0.0	magnetic_hz0.2	5	chain_dn	0.85	p3d_hy0.0_m0.2_L5_dn	/pscratch/sd/s/sanzharb/tc_nqs/phase3d/hy0.0/magnetic_hz0.2/L5	2026-09-09T13:44:36Z
58117276	0.0	magnetic_hz0.2	5	chain_dn	0.8	p3d_hy0.0_m0.2_L5_dn	/pscratch/sd/s/sanzharb/tc_nqs/phase3d/hy0.0/magnetic_hz0.2/L5	2026-09-09T13:44:36Z
58117276	0.0	magnetic_hz0.2	5	chain_dn	0.75	p3d_hy0.0_m0.2_L5_dn	/pscratch/sd/s/sanzharb/tc_nqs/phase3d/hy0.0/magnetic_hz0.2/L5	2026-09-09T13:44:36Z
58117276	0.0	magnetic_hz0.2	5	chain_dn	0.7	p3d_hy0.0_m0.2_L5_dn	/pscratch/sd/s/sanzharb/tc_nqs/phase3d/hy0.0/magnetic_hz0.2/L5	2026-09-09T13:44:36Z
58117276	0.0	magnetic_hz0.2	5	chain_dn	0.6	p3d_hy0.0_m0.2_L5_dn	/pscratch/sd/s/sanzharb/tc_nqs/phase3d/hy0.0/magnetic_hz0.2/L5	2026-09-09T13:44:36Z
58117278	0.0	magnetic_hz0.2	6	chain_dn	1.0	p3d_hy0.0_m0.2_L6_dn	/pscratch/sd/s/sanzharb/tc_nqs/phase3d/hy0.0/magnetic_hz0.2/L6	2026-09-09T13:44:38Z
58117278	0.0	magnetic_hz0.2	6	chain_dn	0.95	p3d_hy0.0_m0.2_L6_dn	/pscratch/sd/s/sanzharb/tc_nqs/phase3d/hy0.0/magnetic_hz0.2/L6	2026-09-09T13:44:38Z
58117278	0.0	magnetic_hz0.2	6	chain_dn	0.9	p3d_hy0.0_m0.2_L6_dn	/pscratch/sd/s/sanzharb/tc_nqs/phase3d/hy0.0/magnetic_hz0.2/L6	2026-09-09T13:44:38Z
58117278	0.0	magnetic_hz0.2	6	chain_dn	0.85	p3d_hy0.0_m0.2_L6_dn	/pscratch/sd/s/sanzharb/tc_nqs/phase3d/hy0.0/magnetic_hz0.2/L6	2026-09-09T13:44:38Z
58117278	0.0	magnetic_hz0.2	6	chain_dn	0.8	p3d_hy0.0_m0.2_L6_dn	/pscratch/sd/s/sanzharb/tc_nqs/phase3d/hy0.0/magnetic_hz0.2/L6	2026-09-09T13:44:38Z
58117278	0.0	magnetic_hz0.2	6	chain_dn	0.75	p3d_hy0.0_m0.2_L6_dn	/pscratch/sd/s/sanzharb/tc_nqs/phase3d/hy0.0/magnetic_hz0.2/L6	2026-09-09T13:44:38Z
58117278	0.0	magnetic_hz0.2	6	chain_dn	0.7	p3d_hy0.0_m0.2_L6_dn	/pscratch/sd/s/sanzharb/tc_nqs/phase3d/hy0.0/magnetic_hz0.2/L6	2026-09-09T13:44:38Z
58117278	0.0	magnetic_hz0.2	6	chain_dn	0.65	p3d_hy0.0_m0.2_L6_dn	/pscratch/sd/s/sanzharb/tc_nqs/phase3d/hy0.0/magnetic_hz0.2/L6	2026-09-09T13:44:38Z
58117280	0.0	magnetic_hz0.4	5	chain_up	0.7	p3d_hy0.0_m0.4_L5_up	/pscratch/sd/s/sanzharb/tc_nqs/phase3d/hy0.0/magnetic_hz0.4/L5	2026-09-09T13:44:39Z
58117280	0.0	magnetic_hz0.4	5	chain_up	0.8	p3d_hy0.0_m0.4_L5_up	/pscratch/sd/s/sanzharb/tc_nqs/phase3d/hy0.0/magnetic_hz0.4/L5	2026-09-09T13:44:39Z
58117280	0.0	magnetic_hz0.4	5	chain_up	0.85	p3d_hy0.0_m0.4_L5_up	/pscratch/sd/s/sanzharb/tc_nqs/phase3d/hy0.0/magnetic_hz0.4/L5	2026-09-09T13:44:39Z
58117280	0.0	magnetic_hz0.4	5	chain_up	0.9	p3d_hy0.0_m0.4_L5_up	/pscratch/sd/s/sanzharb/tc_nqs/phase3d/hy0.0/magnetic_hz0.4/L5	2026-09-09T13:44:39Z
58117280	0.0	magnetic_hz0.4	5	chain_up	0.95	p3d_hy0.0_m0.4_L5_up	/pscratch/sd/s/sanzharb/tc_nqs/phase3d/hy0.0/magnetic_hz0.4/L5	2026-09-09T13:44:39Z
58117280	0.0	magnetic_hz0.4	5	chain_up	1.0	p3d_hy0.0_m0.4_L5_up	/pscratch/sd/s/sanzharb/tc_nqs/phase3d/hy0.0/magnetic_hz0.4/L5	2026-09-09T13:44:39Z
58117281	0.0	magnetic_hz0.4	5	chain_dn	1.0	p3d_hy0.0_m0.4_L5_dn	/pscratch/sd/s/sanzharb/tc_nqs/phase3d/hy0.0/magnetic_hz0.4/L5	2026-09-09T13:44:41Z
58117281	0.0	magnetic_hz0.4	5	chain_dn	0.95	p3d_hy0.0_m0.4_L5_dn	/pscratch/sd/s/sanzharb/tc_nqs/phase3d/hy0.0/magnetic_hz0.4/L5	2026-09-09T13:44:41Z
58117281	0.0	magnetic_hz0.4	5	chain_dn	0.9	p3d_hy0.0_m0.4_L5_dn	/pscratch/sd/s/sanzharb/tc_nqs/phase3d/hy0.0/magnetic_hz0.4/L5	2026-09-09T13:44:41Z
58117281	0.0	magnetic_hz0.4	5	chain_dn	0.85	p3d_hy0.0_m0.4_L5_dn	/pscratch/sd/s/sanzharb/tc_nqs/phase3d/hy0.0/magnetic_hz0.4/L5	2026-09-09T13:44:41Z
58117281	0.0	magnetic_hz0.4	5	chain_dn	0.8	p3d_hy0.0_m0.4_L5_dn	/pscratch/sd/s/sanzharb/tc_nqs/phase3d/hy0.0/magnetic_hz0.4/L5	2026-09-09T13:44:41Z
58117281	0.0	magnetic_hz0.4	5	chain_dn	0.7	p3d_hy0.0_m0.4_L5_dn	/pscratch/sd/s/sanzharb/tc_nqs/phase3d/hy0.0/magnetic_hz0.4/L5	2026-09-09T13:44:41Z
58117282	0.0	magnetic_hz0.4	6	chain_up	0.7	p3d_hy0.0_m0.4_L6_up	/pscratch/sd/s/sanzharb/tc_nqs/phase3d/hy0.0/magnetic_hz0.4/L6	2026-09-09T13:44:41Z
58117282	0.0	magnetic_hz0.4	6	chain_up	0.75	p3d_hy0.0_m0.4_L6_up	/pscratch/sd/s/sanzharb/tc_nqs/phase3d/hy0.0/magnetic_hz0.4/L6	2026-09-09T13:44:41Z
58117282	0.0	magnetic_hz0.4	6	chain_up	0.8	p3d_hy0.0_m0.4_L6_up	/pscratch/sd/s/sanzharb/tc_nqs/phase3d/hy0.0/magnetic_hz0.4/L6	2026-09-09T13:44:41Z
58117282	0.0	magnetic_hz0.4	6	chain_up	0.85	p3d_hy0.0_m0.4_L6_up	/pscratch/sd/s/sanzharb/tc_nqs/phase3d/hy0.0/magnetic_hz0.4/L6	2026-09-09T13:44:41Z
58117282	0.0	magnetic_hz0.4	6	chain_up	0.9	p3d_hy0.0_m0.4_L6_up	/pscratch/sd/s/sanzharb/tc_nqs/phase3d/hy0.0/magnetic_hz0.4/L6	2026-09-09T13:44:41Z
58117282	0.0	magnetic_hz0.4	6	chain_up	0.95	p3d_hy0.0_m0.4_L6_up	/pscratch/sd/s/sanzharb/tc_nqs/phase3d/hy0.0/magnetic_hz0.4/L6	2026-09-09T13:44:41Z
58117282	0.0	magnetic_hz0.4	6	chain_up	1.0	p3d_hy0.0_m0.4_L6_up	/pscratch/sd/s/sanzharb/tc_nqs/phase3d/hy0.0/magnetic_hz0.4/L6	2026-09-09T13:44:41Z
58117282	0.0	magnetic_hz0.4	6	chain_up	1.05	p3d_hy0.0_m0.4_L6_up	/pscratch/sd/s/sanzharb/tc_nqs/phase3d/hy0.0/magnetic_hz0.4/L6	2026-09-09T13:44:41Z
58117284	0.0	magnetic_hz0.7	5	chain_up	0.85	p3d_hy0.0_m0.7_L5_up	/pscratch/sd/s/sanzharb/tc_nqs/phase3d/hy0.0/magnetic_hz0.7/L5	2026-09-09T13:44:44Z
58117284	0.0	magnetic_hz0.7	5	chain_up	0.95	p3d_hy0.0_m0.7_L5_up	/pscratch/sd/s/sanzharb/tc_nqs/phase3d/hy0.0/magnetic_hz0.7/L5	2026-09-09T13:44:44Z
58117284	0.0	magnetic_hz0.7	5	chain_up	1.0	p3d_hy0.0_m0.7_L5_up	/pscratch/sd/s/sanzharb/tc_nqs/phase3d/hy0.0/magnetic_hz0.7/L5	2026-09-09T13:44:44Z
58117284	0.0	magnetic_hz0.7	5	chain_up	1.05	p3d_hy0.0_m0.7_L5_up	/pscratch/sd/s/sanzharb/tc_nqs/phase3d/hy0.0/magnetic_hz0.7/L5	2026-09-09T13:44:44Z
58117284	0.0	magnetic_hz0.7	5	chain_up	1.1	p3d_hy0.0_m0.7_L5_up	/pscratch/sd/s/sanzharb/tc_nqs/phase3d/hy0.0/magnetic_hz0.7/L5	2026-09-09T13:44:44Z
58117284	0.0	magnetic_hz0.7	5	chain_up	1.15	p3d_hy0.0_m0.7_L5_up	/pscratch/sd/s/sanzharb/tc_nqs/phase3d/hy0.0/magnetic_hz0.7/L5	2026-09-09T13:44:44Z
58117285	0.0	magnetic_hz0.7	5	chain_dn	1.15	p3d_hy0.0_m0.7_L5_dn	/pscratch/sd/s/sanzharb/tc_nqs/phase3d/hy0.0/magnetic_hz0.7/L5	2026-09-09T13:44:45Z
58117285	0.0	magnetic_hz0.7	5	chain_dn	1.1	p3d_hy0.0_m0.7_L5_dn	/pscratch/sd/s/sanzharb/tc_nqs/phase3d/hy0.0/magnetic_hz0.7/L5	2026-09-09T13:44:45Z
58117285	0.0	magnetic_hz0.7	5	chain_dn	1.05	p3d_hy0.0_m0.7_L5_dn	/pscratch/sd/s/sanzharb/tc_nqs/phase3d/hy0.0/magnetic_hz0.7/L5	2026-09-09T13:44:45Z
58117285	0.0	magnetic_hz0.7	5	chain_dn	1.0	p3d_hy0.0_m0.7_L5_dn	/pscratch/sd/s/sanzharb/tc_nqs/phase3d/hy0.0/magnetic_hz0.7/L5	2026-09-09T13:44:45Z
58117285	0.0	magnetic_hz0.7	5	chain_dn	0.95	p3d_hy0.0_m0.7_L5_dn	/pscratch/sd/s/sanzharb/tc_nqs/phase3d/hy0.0/magnetic_hz0.7/L5	2026-09-09T13:44:45Z
58117285	0.0	magnetic_hz0.7	5	chain_dn	0.85	p3d_hy0.0_m0.7_L5_dn	/pscratch/sd/s/sanzharb/tc_nqs/phase3d/hy0.0/magnetic_hz0.7/L5	2026-09-09T13:44:45Z
58117286	0.0	magnetic_hz0.7	6	chain_up	0.85	p3d_hy0.0_m0.7_L6_up	/pscratch/sd/s/sanzharb/tc_nqs/phase3d/hy0.0/magnetic_hz0.7/L6	2026-09-09T13:44:47Z
58117286	0.0	magnetic_hz0.7	6	chain_up	0.95	p3d_hy0.0_m0.7_L6_up	/pscratch/sd/s/sanzharb/tc_nqs/phase3d/hy0.0/magnetic_hz0.7/L6	2026-09-09T13:44:47Z
58117286	0.0	magnetic_hz0.7	6	chain_up	1.0	p3d_hy0.0_m0.7_L6_up	/pscratch/sd/s/sanzharb/tc_nqs/phase3d/hy0.0/magnetic_hz0.7/L6	2026-09-09T13:44:47Z
58117286	0.0	magnetic_hz0.7	6	chain_up	1.05	p3d_hy0.0_m0.7_L6_up	/pscratch/sd/s/sanzharb/tc_nqs/phase3d/hy0.0/magnetic_hz0.7/L6	2026-09-09T13:44:47Z
58117286	0.0	magnetic_hz0.7	6	chain_up	1.1	p3d_hy0.0_m0.7_L6_up	/pscratch/sd/s/sanzharb/tc_nqs/phase3d/hy0.0/magnetic_hz0.7/L6	2026-09-09T13:44:47Z
58117286	0.0	magnetic_hz0.7	6	chain_up	1.15	p3d_hy0.0_m0.7_L6_up	/pscratch/sd/s/sanzharb/tc_nqs/phase3d/hy0.0/magnetic_hz0.7/L6	2026-09-09T13:44:47Z
58117288	0.0	magnetic_hz0.7	6	chain_dn	1.15	p3d_hy0.0_m0.7_L6_dn	/pscratch/sd/s/sanzharb/tc_nqs/phase3d/hy0.0/magnetic_hz0.7/L6	2026-09-09T13:44:47Z
58117288	0.0	magnetic_hz0.7	6	chain_dn	1.1	p3d_hy0.0_m0.7_L6_dn	/pscratch/sd/s/sanzharb/tc_nqs/phase3d/hy0.0/magnetic_hz0.7/L6	2026-09-09T13:44:47Z
58117288	0.0	magnetic_hz0.7	6	chain_dn	1.05	p3d_hy0.0_m0.7_L6_dn	/pscratch/sd/s/sanzharb/tc_nqs/phase3d/hy0.0/magnetic_hz0.7/L6	2026-09-09T13:44:47Z
58117288	0.0	magnetic_hz0.7	6	chain_dn	1.0	p3d_hy0.0_m0.7_L6_dn	/pscratch/sd/s/sanzharb/tc_nqs/phase3d/hy0.0/magnetic_hz0.7/L6	2026-09-09T13:44:47Z
58117288	0.0	magnetic_hz0.7	6	chain_dn	0.95	p3d_hy0.0_m0.7_L6_dn	/pscratch/sd/s/sanzharb/tc_nqs/phase3d/hy0.0/magnetic_hz0.7/L6	2026-09-09T13:44:47Z
58117288	0.0	magnetic_hz0.7	6	chain_dn	0.85	p3d_hy0.0_m0.7_L6_dn	/pscratch/sd/s/sanzharb/tc_nqs/phase3d/hy0.0/magnetic_hz0.7/L6	2026-09-09T13:44:47Z
58117289	0.0	magnetic_hz1.0	5	chain_up	1.05	p3d_hy0.0_m1.0_L5_up	/pscratch/sd/s/sanzharb/tc_nqs/phase3d/hy0.0/magnetic_hz1.0/L5	2026-09-09T13:44:49Z
58117289	0.0	magnetic_hz1.0	5	chain_up	1.15	p3d_hy0.0_m1.0_L5_up	/pscratch/sd/s/sanzharb/tc_nqs/phase3d/hy0.0/magnetic_hz1.0/L5	2026-09-09T13:44:49Z
58117289	0.0	magnetic_hz1.0	5	chain_up	1.2	p3d_hy0.0_m1.0_L5_up	/pscratch/sd/s/sanzharb/tc_nqs/phase3d/hy0.0/magnetic_hz1.0/L5	2026-09-09T13:44:49Z
58117289	0.0	magnetic_hz1.0	5	chain_up	1.25	p3d_hy0.0_m1.0_L5_up	/pscratch/sd/s/sanzharb/tc_nqs/phase3d/hy0.0/magnetic_hz1.0/L5	2026-09-09T13:44:49Z
58117289	0.0	magnetic_hz1.0	5	chain_up	1.3	p3d_hy0.0_m1.0_L5_up	/pscratch/sd/s/sanzharb/tc_nqs/phase3d/hy0.0/magnetic_hz1.0/L5	2026-09-09T13:44:49Z
58117289	0.0	magnetic_hz1.0	5	chain_up	1.35	p3d_hy0.0_m1.0_L5_up	/pscratch/sd/s/sanzharb/tc_nqs/phase3d/hy0.0/magnetic_hz1.0/L5	2026-09-09T13:44:49Z
58117290	0.0	magnetic_hz1.0	5	chain_dn	1.35	p3d_hy0.0_m1.0_L5_dn	/pscratch/sd/s/sanzharb/tc_nqs/phase3d/hy0.0/magnetic_hz1.0/L5	2026-09-09T13:44:50Z
58117290	0.0	magnetic_hz1.0	5	chain_dn	1.3	p3d_hy0.0_m1.0_L5_dn	/pscratch/sd/s/sanzharb/tc_nqs/phase3d/hy0.0/magnetic_hz1.0/L5	2026-09-09T13:44:50Z
58117290	0.0	magnetic_hz1.0	5	chain_dn	1.25	p3d_hy0.0_m1.0_L5_dn	/pscratch/sd/s/sanzharb/tc_nqs/phase3d/hy0.0/magnetic_hz1.0/L5	2026-09-09T13:44:50Z
58117290	0.0	magnetic_hz1.0	5	chain_dn	1.2	p3d_hy0.0_m1.0_L5_dn	/pscratch/sd/s/sanzharb/tc_nqs/phase3d/hy0.0/magnetic_hz1.0/L5	2026-09-09T13:44:50Z
58117290	0.0	magnetic_hz1.0	5	chain_dn	1.15	p3d_hy0.0_m1.0_L5_dn	/pscratch/sd/s/sanzharb/tc_nqs/phase3d/hy0.0/magnetic_hz1.0/L5	2026-09-09T13:44:50Z
58117290	0.0	magnetic_hz1.0	5	chain_dn	1.05	p3d_hy0.0_m1.0_L5_dn	/pscratch/sd/s/sanzharb/tc_nqs/phase3d/hy0.0/magnetic_hz1.0/L5	2026-09-09T13:44:50Z
58117291	0.0	magnetic_hz1.0	6	chain_up	1.05	p3d_hy0.0_m1.0_L6_up	/pscratch/sd/s/sanzharb/tc_nqs/phase3d/hy0.0/magnetic_hz1.0/L6	2026-09-09T13:44:52Z
58117291	0.0	magnetic_hz1.0	6	chain_up	1.15	p3d_hy0.0_m1.0_L6_up	/pscratch/sd/s/sanzharb/tc_nqs/phase3d/hy0.0/magnetic_hz1.0/L6	2026-09-09T13:44:52Z
58117291	0.0	magnetic_hz1.0	6	chain_up	1.2	p3d_hy0.0_m1.0_L6_up	/pscratch/sd/s/sanzharb/tc_nqs/phase3d/hy0.0/magnetic_hz1.0/L6	2026-09-09T13:44:52Z
58117291	0.0	magnetic_hz1.0	6	chain_up	1.25	p3d_hy0.0_m1.0_L6_up	/pscratch/sd/s/sanzharb/tc_nqs/phase3d/hy0.0/magnetic_hz1.0/L6	2026-09-09T13:44:52Z
58117291	0.0	magnetic_hz1.0	6	chain_up	1.3	p3d_hy0.0_m1.0_L6_up	/pscratch/sd/s/sanzharb/tc_nqs/phase3d/hy0.0/magnetic_hz1.0/L6	2026-09-09T13:44:52Z
58117291	0.0	magnetic_hz1.0	6	chain_up	1.35	p3d_hy0.0_m1.0_L6_up	/pscratch/sd/s/sanzharb/tc_nqs/phase3d/hy0.0/magnetic_hz1.0/L6	2026-09-09T13:44:52Z
58117292	0.0	magnetic_hz1.0	6	chain_dn	1.35	p3d_hy0.0_m1.0_L6_dn	/pscratch/sd/s/sanzharb/tc_nqs/phase3d/hy0.0/magnetic_hz1.0/L6	2026-09-09T13:44:52Z
58117292	0.0	magnetic_hz1.0	6	chain_dn	1.3	p3d_hy0.0_m1.0_L6_dn	/pscratch/sd/s/sanzharb/tc_nqs/phase3d/hy0.0/magnetic_hz1.0/L6	2026-09-09T13:44:52Z
58117292	0.0	magnetic_hz1.0	6	chain_dn	1.25	p3d_hy0.0_m1.0_L6_dn	/pscratch/sd/s/sanzharb/tc_nqs/phase3d/hy0.0/magnetic_hz1.0/L6	2026-09-09T13:44:52Z
58117292	0.0	magnetic_hz1.0	6	chain_dn	1.2	p3d_hy0.0_m1.0_L6_dn	/pscratch/sd/s/sanzharb/tc_nqs/phase3d/hy0.0/magnetic_hz1.0/L6	2026-09-09T13:44:52Z
58117292	0.0	magnetic_hz1.0	6	chain_dn	1.15	p3d_hy0.0_m1.0_L6_dn	/pscratch/sd/s/sanzharb/tc_nqs/phase3d/hy0.0/magnetic_hz1.0/L6	2026-09-09T13:44:52Z
58117292	0.0	magnetic_hz1.0	6	chain_dn	1.05	p3d_hy0.0_m1.0_L6_dn	/pscratch/sd/s/sanzharb/tc_nqs/phase3d/hy0.0/magnetic_hz1.0/L6	2026-09-09T13:44:52Z
