"Step","bench_unaware_B_s1 - energy","bench_unaware_B_s1 - energy__MIN","bench_unaware_B_s1 - energy__MAX","bench_unaware_A_s1 - energy","bench_unaware_A_s1 - energy__MIN","bench_unaware_A_s1 - energy__MAX","bench_unaware_A_s0 - energy","bench_unaware_A_s0 - energy__MIN","bench_unaware_A_s0 - energy__MAX","bench_aware_A_s2 - energy","bench_aware_A_s2 - energy__MIN","bench_aware_A_s2 - energy__MAX","bench_aware_A_s1 - energy","bench_aware_A_s1 - energy__MIN","bench_aware_A_s1 - energy__MAX","bench_aware_A_s0 - energy","bench_aware_A_s0 - energy__MIN","bench_aware_A_s0 - energy__MAX"
"0","-136.7464212902318","-136.7464212902318","-136.7464212902318","-136.77152946439048","-136.77152946439048","-136.77152946439048","-136.6742116535287","-136.6742116535287","-136.6742116535287","-136.57048752876267","-136.57048752876267","-136.57048752876267","-136.34590245892713","-136.34590245892713","-136.34590245892713","-136.7997033264472","-136.7997033264472","-136.7997033264472"
"1","-136.84894822820104","-136.84894822820104","-136.84894822820104","-136.9937707119894","-136.9937707119894","-136.9937707119894","-136.8125769936878","-136.8125769936878","-136.8125769936878","-128.1721433601095","-128.1721433601095","-128.1721433601095","-140.52179075479285","-140.52179075479285","-140.52179075479285","-140.64334960962333","-140.64334960962333","-140.64334960962333"
"2","-137.41527279255553","-137.41527279255553","-137.41527279255553","-137.2777596555563","-137.2777596555563","-137.2777596555563","-137.05998314474627","-137.05998314474627","-137.05998314474627","-131.9321329581022","-131.9321329581022","-131.9321329581022","-143.28135916291058","-143.28135916291058","-143.28135916291058","-143.8210843105905","-143.8210843105905","-143.8210843105905"
"3","-137.33710965895932","-137.33710965895932","-137.33710965895932","-137.48718749075482","-137.48718749075482","-137.48718749075482","-137.30985909687288","-137.30985909687288","-137.30985909687288","-135.2712334288062","-135.2712334288062","-135.2712334288062","-146.58297922758405","-146.58297922758405","-146.58297922758405","-146.52368234991712","-146.52368234991712","-146.52368234991712"
"4","-137.44015866027866","-137.44015866027866","-137.44015866027866","-137.54661524263724","-137.54661524263724","-137.54661524263724","-137.45112413200295","-137.45112413200295","-137.45112413200295","-138.6098079590546","-138.6098079590546","-138.6098079590546","-150.14563176180013","-150.14563176180013","-150.14563176180013","-149.3840513175047","-149.3840513175047","-149.3840513175047"
"5","-137.74497546614526","-137.74497546614526","-137.74497546614526","-137.64578439190404","-137.64578439190404","-137.64578439190404","-137.51991290282683","-137.51991290282683","-137.51991290282683","-141.73062360008464","-141.73062360008464","-141.73062360008464","-152.45138274303991","-152.45138274303991","-152.45138274303991","-151.90721129163472","-151.90721129163472","-151.90721129163472"
"6","-137.66770098676477","-137.66770098676477","-137.66770098676477","-137.71224094835685","-137.71224094835685","-137.71224094835685","-137.73064446138687","-137.73064446138687","-137.73064446138687","-144.80867925744957","-144.80867925744957","-144.80867925744957","-154.63337427773777","-154.63337427773777","-154.63337427773777","-154.34230826894108","-154.34230826894108","-154.34230826894108"
"7","-137.64553581599765","-137.64553581599765","-137.64553581599765","-137.78235255583584","-137.78235255583584","-137.78235255583584","-137.6610849932927","-137.6610849932927","-137.6610849932927","-147.85405419446462","-147.85405419446462","-147.85405419446462","-156.16627907278723","-156.16627907278723","-156.16627907278723","-155.6379114551383","-155.6379114551383","-155.6379114551383"
"8","-137.50613103687857","-137.50613103687857","-137.50613103687857","-137.60742675627625","-137.60742675627625","-137.60742675627625","-137.57000029666847","-137.57000029666847","-137.57000029666847","-150.19377503362853","-150.19377503362853","-150.19377503362853","-157.35353308881764","-157.35353308881764","-157.35353308881764","-156.495418687102","-156.495418687102","-156.495418687102"
"9","-137.55872769334803","-137.55872769334803","-137.55872769334803","-137.75069437632868","-137.75069437632868","-137.75069437632868","-137.7791317024951","-137.7791317024951","-137.7791317024951","-152.46104745808518","-152.46104745808518","-152.46104745808518","-158.50589416475776","-158.50589416475776","-158.50589416475776","-156.634288903625","-156.634288903625","-156.634288903625"
"10","-137.66238559835742","-137.66238559835742","-137.66238559835742","-137.8360612949656","-137.8360612949656","-137.8360612949656","-137.6733585734081","-137.6733585734081","-137.6733585734081","-154.2753215055152","-154.2753215055152","-154.2753215055152","-159.94129026028162","-159.94129026028162","-159.94129026028162","-158.27662085405547","-158.27662085405547","-158.27662085405547"
"11","-137.62308506455068","-137.62308506455068","-137.62308506455068","-137.53913848447968","-137.53913848447968","-137.53913848447968","-137.6897132596011","-137.6897132596011","-137.6897132596011","-155.8709527636135","-155.8709527636135","-155.8709527636135","-161.20258463807238","-161.20258463807238","-161.20258463807238","-159.6168387694524","-159.6168387694524","-159.6168387694524"
"12","-137.71775267532","-137.71775267532","-137.71775267532","-137.8117319881746","-137.8117319881746","-137.8117319881746","-137.7475621962131","-137.7475621962131","-137.7475621962131","-157.46447391075196","-157.46447391075196","-157.46447391075196","-162.5764043622504","-162.5764043622504","-162.5764043622504","-161.25034984134402","-161.25034984134402","-161.25034984134402"
"13","-137.75877672657327","-137.75877672657327","-137.75877672657327","-138.16966720185897","-138.16966720185897","-138.16966720185897","-137.81850203821847","-137.81850203821847","-137.81850203821847","-158.58467070771195","-158.58467070771195","-158.58467070771195","-163.5176423989","-163.5176423989","-163.5176423989","-162.34531845858803","-162.34531845858803","-162.34531845858803"
"14","-137.7280875357875","-137.7280875357875","-137.7280875357875","-138.56440492993295","-138.56440492993295","-138.56440492993295","-138.22477484618167","-138.22477484618167","-138.22477484618167","-159.71341754820037","-159.71341754820037","-159.71341754820037","-164.55421246459642","-164.55421246459642","-164.55421246459642","-163.49651747982136","-163.49651747982136","-163.49651747982136"
"15","-138.02504981627354","-138.02504981627354","-138.02504981627354","-139.99600682198553","-139.99600682198553","-139.99600682198553","-138.60678520314133","-138.60678520314133","-138.60678520314133","-160.8809128648984","-160.8809128648984","-160.8809128648984","-165.19642491063067","-165.19642491063067","-165.19642491063067","-164.48952423459735","-164.48952423459735","-164.48952423459735"
"16","-137.73007342288804","-137.73007342288804","-137.73007342288804","-141.6471284092366","-141.6471284092366","-141.6471284092366","-139.2827583062646","-139.2827583062646","-139.2827583062646","-162.07723636064088","-162.07723636064088","-162.07723636064088","-166.1484408172422","-166.1484408172422","-166.1484408172422","-165.4761897944025","-165.4761897944025","-165.4761897944025"
"17","-138.0156931143319","-138.0156931143319","-138.0156931143319","-143.79519852257235","-143.79519852257235","-143.79519852257235","-140.6613461330694","-140.6613461330694","-140.6613461330694","-163.10197069093286","-163.10197069093286","-163.10197069093286","-166.53675719237333","-166.53675719237333","-166.53675719237333","-166.1442994676979","-166.1442994676979","-166.1442994676979"
"18","-138.4818087570305","-138.4818087570305","-138.4818087570305","-146.27989735061053","-146.27989735061053","-146.27989735061053","-142.16567920312133","-142.16567920312133","-142.16567920312133","-164.0407092008951","-164.0407092008951","-164.0407092008951","-167.23281135540907","-167.23281135540907","-167.23281135540907","-167.01229920991537","-167.01229920991537","-167.01229920991537"
"19","-139.063423094467","-139.063423094467","-139.063423094467","-147.91793545766404","-147.91793545766404","-147.91793545766404","-144.136725454947","-144.136725454947","-144.136725454947","-164.93667430211008","-164.93667430211008","-164.93667430211008","-167.62846436639674","-167.62846436639674","-167.62846436639674","-167.70495299281998","-167.70495299281998","-167.70495299281998"
"20","-140.7742516012642","-140.7742516012642","-140.7742516012642","-149.74236731707822","-149.74236731707822","-149.74236731707822","-145.7891321834049","-145.7891321834049","-145.7891321834049","-165.67843837803656","-165.67843837803656","-165.67843837803656","-167.9403180981528","-167.9403180981528","-167.9403180981528","-168.2299411572713","-168.2299411572713","-168.2299411572713"
"21","-143.09362742261516","-143.09362742261516","-143.09362742261516","-151.33584845293362","-151.33584845293362","-151.33584845293362","-147.31616904114168","-147.31616904114168","-147.31616904114168","-166.28399525851867","-166.28399525851867","-166.28399525851867","-168.13454704429978","-168.13454704429978","-168.13454704429978","-168.6137484770574","-168.6137484770574","-168.6137484770574"
"22","-145.47327197392127","-145.47327197392127","-145.47327197392127","-152.5715259240274","-152.5715259240274","-152.5715259240274","-148.98254848733725","-148.98254848733725","-148.98254848733725","-166.92952441857486","-166.92952441857486","-166.92952441857486","-168.3364240071813","-168.3364240071813","-168.3364240071813","-169.0919134830367","-169.0919134830367","-169.0919134830367"
"23","-147.8770545767135","-147.8770545767135","-147.8770545767135","-154.1588744852755","-154.1588744852755","-154.1588744852755","-150.934455197504","-150.934455197504","-150.934455197504","-167.5161960713276","-167.5161960713276","-167.5161960713276","-168.6019011519008","-168.6019011519008","-168.6019011519008","-169.43425884258323","-169.43425884258323","-169.43425884258323"
"24","-149.52045705499876","-149.52045705499876","-149.52045705499876","-155.3039460251095","-155.3039460251095","-155.3039460251095","-152.8368475235585","-152.8368475235585","-152.8368475235585","-168.2625559834155","-168.2625559834155","-168.2625559834155","-168.84633620155597","-168.84633620155597","-168.84633620155597","-169.8396577967245","-169.8396577967245","-169.8396577967245"
"25","-152.2672653340026","-152.2672653340026","-152.2672653340026","-156.28010775405758","-156.28010775405758","-156.28010775405758","-154.93965326860786","-154.93965326860786","-154.93965326860786","-168.75017914167557","-168.75017914167557","-168.75017914167557","-169.15613501670765","-169.15613501670765","-169.15613501670765","-170.04465412463537","-170.04465412463537","-170.04465412463537"
"26","-154.21115704208603","-154.21115704208603","-154.21115704208603","-157.21051311969697","-157.21051311969697","-157.21051311969697","-156.95890422733243","-156.95890422733243","-156.95890422733243","-169.22542251706858","-169.22542251706858","-169.22542251706858","-169.51146425844883","-169.51146425844883","-169.51146425844883","-170.27096918344103","-170.27096918344103","-170.27096918344103"
"27","-156.7872544215449","-156.7872544215449","-156.7872544215449","-157.99903061090578","-157.99903061090578","-157.99903061090578","-158.93043172925206","-158.93043172925206","-158.93043172925206","-169.73444939290818","-169.73444939290818","-169.73444939290818","-169.76866991630834","-169.76866991630834","-169.76866991630834","-170.5098295763692","-170.5098295763692","-170.5098295763692"
"28","-158.40057156445002","-158.40057156445002","-158.40057156445002","-158.62494107579005","-158.62494107579005","-158.62494107579005","-160.67992252179778","-160.67992252179778","-160.67992252179778","-170.10435591193433","-170.10435591193433","-170.10435591193433","-170.03367801905262","-170.03367801905262","-170.03367801905262","-170.66329293949462","-170.66329293949462","-170.66329293949462"
"29","-160.0377295786733","-160.0377295786733","-160.0377295786733","-159.5961363196475","-159.5961363196475","-159.5961363196475","-162.05506155671418","-162.05506155671418","-162.05506155671418","-170.466813130753","-170.466813130753","-170.466813130753","-170.33864742112857","-170.33864742112857","-170.33864742112857","-170.84883449530093","-170.84883449530093","-170.84883449530093"
"30","-161.3417589534466","-161.3417589534466","-161.3417589534466","-160.1828381128178","-160.1828381128178","-160.1828381128178","-163.26978553746284","-163.26978553746284","-163.26978553746284","-170.73376359363488","-170.73376359363488","-170.73376359363488","-170.64958366786374","-170.64958366786374","-170.64958366786374","-170.94776883598","-170.94776883598","-170.94776883598"
"31","-162.37305690906587","-162.37305690906587","-162.37305690906587","-161.2295138014624","-161.2295138014624","-161.2295138014624","-164.28342628758742","-164.28342628758742","-164.28342628758742","-171.0291911311813","-171.0291911311813","-171.0291911311813","-170.9649200190657","-170.9649200190657","-170.9649200190657","-171.1858578128844","-171.1858578128844","-171.1858578128844"
"32","-163.4457012832054","-163.4457012832054","-163.4457012832054","-161.65537288592185","-161.65537288592185","-161.65537288592185","-165.33970633696381","-165.33970633696381","-165.33970633696381","-171.15379073387578","-171.15379073387578","-171.15379073387578","-171.13052221204188","-171.13052221204188","-171.13052221204188","-171.45706194905475","-171.45706194905475","-171.45706194905475"
"33","-164.42165071257085","-164.42165071257085","-164.42165071257085","-162.2590504198609","-162.2590504198609","-162.2590504198609","-166.02051276078151","-166.02051276078151","-166.02051276078151","-171.4359150918404","-171.4359150918404","-171.4359150918404","-171.31815125248224","-171.31815125248224","-171.31815125248224","-171.5738279734816","-171.5738279734816","-171.5738279734816"
"34","-165.415654956021","-165.415654956021","-165.415654956021","-163.8797175679247","-163.8797175679247","-163.8797175679247","-166.61178739762659","-166.61178739762659","-166.61178739762659","-171.6976153793609","-171.6976153793609","-171.6976153793609","-171.51090228927063","-171.51090228927063","-171.51090228927063","-171.72575610214898","-171.72575610214898","-171.72575610214898"
"35","-166.16999554671156","-166.16999554671156","-166.16999554671156","-164.96224582010655","-164.96224582010655","-164.96224582010655","-167.14032724983815","-167.14032724983815","-167.14032724983815","-171.85629851266873","-171.85629851266873","-171.85629851266873","-171.73612241246298","-171.73612241246298","-171.73612241246298","-171.81373545208305","-171.81373545208305","-171.81373545208305"
"36","-166.62132680904944","-166.62132680904944","-166.62132680904944","-165.90275721478585","-165.90275721478585","-165.90275721478585","-167.67210065945244","-167.67210065945244","-167.67210065945244","-172.0524284565135","-172.0524284565135","-172.0524284565135","-171.87384875858334","-171.87384875858334","-171.87384875858334","-171.99539584883914","-171.99539584883914","-171.99539584883914"
"37","-167.2254153856017","-167.2254153856017","-167.2254153856017","-166.62083944100613","-166.62083944100613","-166.62083944100613","-168.1340942413945","-168.1340942413945","-168.1340942413945","-172.12982599557336","-172.12982599557336","-172.12982599557336","-172.03534596081357","-172.03534596081357","-172.03534596081357","-172.0554716025112","-172.0554716025112","-172.0554716025112"
"38","-167.70646953409096","-167.70646953409096","-167.70646953409096","-167.24657587863211","-167.24657587863211","-167.24657587863211","-168.50391433540608","-168.50391433540608","-168.50391433540608","-172.21628507866092","-172.21628507866092","-172.21628507866092","-172.16968828541445","-172.16968828541445","-172.16968828541445","-172.16358121692397","-172.16358121692397","-172.16358121692397"
"39","-168.19353644201175","-168.19353644201175","-168.19353644201175","-167.93096317346684","-167.93096317346684","-167.93096317346684","-168.8983833337023","-168.8983833337023","-168.8983833337023","-172.42208921613542","-172.42208921613542","-172.42208921613542","-172.32849229962468","-172.32849229962468","-172.32849229962468","-172.32254890230794","-172.32254890230794","-172.32254890230794"
"40","-168.63096912060803","-168.63096912060803","-168.63096912060803","-168.28620758853373","-168.28620758853373","-168.28620758853373","-169.07818207784334","-169.07818207784334","-169.07818207784334","-172.5919551086094","-172.5919551086094","-172.5919551086094","-172.3444365680261","-172.3444365680261","-172.3444365680261","-172.3281524421726","-172.3281524421726","-172.3281524421726"
"41","-168.94655927477518","-168.94655927477518","-168.94655927477518","-168.7115039050671","-168.7115039050671","-168.7115039050671","-169.44747596399998","-169.44747596399998","-169.44747596399998","-172.72833585769484","-172.72833585769484","-172.72833585769484","-172.5444147436561","-172.5444147436561","-172.5444147436561","-172.45655638617285","-172.45655638617285","-172.45655638617285"
"42","-169.40101370918345","-169.40101370918345","-169.40101370918345","-169.10074808117895","-169.10074808117895","-169.10074808117895","-169.74133339626263","-169.74133339626263","-169.74133339626263","-172.8260959509538","-172.8260959509538","-172.8260959509538","-172.66645219846345","-172.66645219846345","-172.66645219846345","-172.59182616665657","-172.59182616665657","-172.59182616665657"
"43","-169.5694774126697","-169.5694774126697","-169.5694774126697","-169.3595713002539","-169.3595713002539","-169.3595713002539","-169.9852909743095","-169.9852909743095","-169.9852909743095","-172.88989741942422","-172.88989741942422","-172.88989741942422","-172.80354739839646","-172.80354739839646","-172.80354739839646","-172.7105474084355","-172.7105474084355","-172.7105474084355"
"44","-169.77350466371564","-169.77350466371564","-169.77350466371564","-169.64413795587248","-169.64413795587248","-169.64413795587248","-170.0845054745314","-170.0845054745314","-170.0845054745314","-172.97816781320614","-172.97816781320614","-172.97816781320614","-172.86396961696317","-172.86396961696317","-172.86396961696317","-172.76805149162982","-172.76805149162982","-172.76805149162982"
"45","-170.022219571519","-170.022219571519","-170.022219571519","-169.79398406439412","-169.79398406439412","-169.79398406439412","-170.31874797913716","-170.31874797913716","-170.31874797913716","-173.06451012155594","-173.06451012155594","-173.06451012155594","-172.8761559261431","-172.8761559261431","-172.8761559261431","-172.86240886848228","-172.86240886848228","-172.86240886848228"
"46","-170.09136962386268","-170.09136962386268","-170.09136962386268","-170.11309478234858","-170.11309478234858","-170.11309478234858","-170.44395845539535","-170.44395845539535","-170.44395845539535","-173.10191087234836","-173.10191087234836","-173.10191087234836","-172.9771488828838","-172.9771488828838","-172.9771488828838","-172.92462695056255","-172.92462695056255","-172.92462695056255"
"47","-170.37148497247793","-170.37148497247793","-170.37148497247793","-170.33286689555192","-170.33286689555192","-170.33286689555192","-170.5513685811141","-170.5513685811141","-170.5513685811141","-173.17954585023062","-173.17954585023062","-173.17954585023062","-173.10650973108454","-173.10650973108454","-173.10650973108454","-172.92298906972962","-172.92298906972962","-172.92298906972962"
"48","-170.60673171655498","-170.60673171655498","-170.60673171655498","-170.5805299988733","-170.5805299988733","-170.5805299988733","-170.79718372311123","-170.79718372311123","-170.79718372311123","-173.29873058658285","-173.29873058658285","-173.29873058658285","-173.1350509835711","-173.1350509835711","-173.1350509835711","-173.01930442434337","-173.01930442434337","-173.01930442434337"
"49","-170.6949067845901","-170.6949067845901","-170.6949067845901","-170.65638323422993","-170.65638323422993","-170.65638323422993","-170.8736943611632","-170.8736943611632","-170.8736943611632","-173.37351512231473","-173.37351512231473","-173.37351512231473","-173.2345698909787","-173.2345698909787","-173.2345698909787","-173.08112358757245","-173.08112358757245","-173.08112358757245"
"50","-170.7327157190864","-170.7327157190864","-170.7327157190864","-170.7352640646894","-170.7352640646894","-170.7352640646894","-171.06040408687886","-171.06040408687886","-171.06040408687886","-173.43797967813364","-173.43797967813364","-173.43797967813364","-173.30387795263323","-173.30387795263323","-173.30387795263323","-173.23637179600058","-173.23637179600058","-173.23637179600058"
"51","-170.87678621540852","-170.87678621540852","-170.87678621540852","-170.9558313421159","-170.9558313421159","-170.9558313421159","-171.14058955923187","-171.14058955923187","-171.14058955923187","-173.48292607287016","-173.48292607287016","-173.48292607287016","-173.37141678738766","-173.37141678738766","-173.37141678738766","-173.26107394522109","-173.26107394522109","-173.26107394522109"
"52","-171.06171935242327","-171.06171935242327","-171.06171935242327","-171.12737979500596","-171.12737979500596","-171.12737979500596","-171.20484214431048","-171.20484214431048","-171.20484214431048","-173.50626940436157","-173.50626940436157","-173.50626940436157","-173.4074097340278","-173.4074097340278","-173.4074097340278","-173.3123670988976","-173.3123670988976","-173.3123670988976"
"53","-171.08198874852837","-171.08198874852837","-171.08198874852837","-171.13774531791168","-171.13774531791168","-171.13774531791168","-171.3163549884503","-171.3163549884503","-171.3163549884503","-173.56505177105385","-173.56505177105385","-173.56505177105385","-173.43388011994716","-173.43388011994716","-173.43388011994716","-173.3941999230771","-173.3941999230771","-173.3941999230771"
"54","-171.11953038136693","-171.11953038136693","-171.11953038136693","-171.33240242649345","-171.33240242649345","-171.33240242649345","-171.42461991542103","-171.42461991542103","-171.42461991542103","-173.59656367994552","-173.59656367994552","-173.59656367994552","-173.48094914669056","-173.48094914669056","-173.48094914669056","-173.4193357219972","-173.4193357219972","-173.4193357219972"
"55","-171.30108400634145","-171.30108400634145","-171.30108400634145","-171.40129108420354","-171.40129108420354","-171.40129108420354","-171.59564206759234","-171.59564206759234","-171.59564206759234","-173.63304719577883","-173.63304719577883","-173.63304719577883","-173.56282878537183","-173.56282878537183","-173.56282878537183","-173.5106239841811","-173.5106239841811","-173.5106239841811"
"56","-171.30785006973645","-171.30785006973645","-171.30785006973645","-171.579178095857","-171.579178095857","-171.579178095857","-171.5886317574557","-171.5886317574557","-171.5886317574557","-173.68948861070515","-173.68948861070515","-173.68948861070515","-173.63634238386234","-173.63634238386234","-173.63634238386234","-173.52579490386472","-173.52579490386472","-173.52579490386472"
"57","-171.48928424161613","-171.48928424161613","-171.48928424161613","-171.68483618109946","-171.68483618109946","-171.68483618109946","-171.62261513564454","-171.62261513564454","-171.62261513564454","-173.75475812042123","-173.75475812042123","-173.75475812042123","-173.72752689289936","-173.72752689289936","-173.72752689289936","-173.53412628397996","-173.53412628397996","-173.53412628397996"
"58","-171.5165806914248","-171.5165806914248","-171.5165806914248","-171.6966855708195","-171.6966855708195","-171.6966855708195","-171.66382419565863","-171.66382419565863","-171.66382419565863","-173.76669230213878","-173.76669230213878","-173.76669230213878","-173.79871251292946","-173.79871251292946","-173.79871251292946","-173.5559711299989","-173.5559711299989","-173.5559711299989"
"59","-171.60792631010685","-171.60792631010685","-171.60792631010685","-171.79529733058564","-171.79529733058564","-171.79529733058564","-171.73979719917745","-171.73979719917745","-171.73979719917745","-173.84385133061792","-173.84385133061792","-173.84385133061792","-173.83206851438234","-173.83206851438234","-173.83206851438234","-173.62105352841064","-173.62105352841064","-173.62105352841064"
"60","-171.6683227426324","-171.6683227426324","-171.6683227426324","-171.93081336713706","-171.93081336713706","-171.93081336713706","-171.86143577572798","-171.86143577572798","-171.86143577572798","-173.87561073475365","-173.87561073475365","-173.87561073475365","-173.8280067967566","-173.8280067967566","-173.8280067967566","-173.66347467500037","-173.66347467500037","-173.66347467500037"
"61","-171.76935243166812","-171.76935243166812","-171.76935243166812","-171.979355589691","-171.979355589691","-171.979355589691","-171.89413592756793","-171.89413592756793","-171.89413592756793","-173.90355668786657","-173.90355668786657","-173.90355668786657","-173.90470885138","-173.90470885138","-173.90470885138","-173.76789057188014","-173.76789057188014","-173.76789057188014"
"62","-171.8018410981199","-171.8018410981199","-171.8018410981199","-172.03102757198363","-172.03102757198363","-172.03102757198363","-171.9362549208298","-171.9362549208298","-171.9362549208298","-173.94909285108994","-173.94909285108994","-173.94909285108994","-173.94171031237346","-173.94171031237346","-173.94171031237346","-173.8198946184499","-173.8198946184499","-173.8198946184499"
"63","-171.87794468356537","-171.87794468356537","-171.87794468356537","-172.06250254378878","-172.06250254378878","-172.06250254378878","-171.86747590283102","-171.86747590283102","-171.86747590283102","-174.00372267430515","-174.00372267430515","-174.00372267430515","-173.94589964663442","-173.94589964663442","-173.94589964663442","-173.85433960065788","-173.85433960065788","-173.85433960065788"
"64","-171.90818601048522","-171.90818601048522","-171.90818601048522","-172.13257319029285","-172.13257319029285","-172.13257319029285","-172.0069423375916","-172.0069423375916","-172.0069423375916","-174.01187294234575","-174.01187294234575","-174.01187294234575","-174.01084363200525","-174.01084363200525","-174.01084363200525","-173.85804281513165","-173.85804281513165","-173.85804281513165"
"65","-171.9563568712815","-171.9563568712815","-171.9563568712815","-172.16275133841833","-172.16275133841833","-172.16275133841833","-172.0350957007796","-172.0350957007796","-172.0350957007796","-174.0805195141504","-174.0805195141504","-174.0805195141504","-174.05443583711397","-174.05443583711397","-174.05443583711397","-173.86426934910648","-173.86426934910648","-173.86426934910648"
"66","-172.0091351789805","-172.0091351789805","-172.0091351789805","-172.3210850506171","-172.3210850506171","-172.3210850506171","-172.12298414645116","-172.12298414645116","-172.12298414645116","-174.1091595074754","-174.1091595074754","-174.1091595074754","-174.08968206015152","-174.08968206015152","-174.08968206015152","-173.94557541418612","-173.94557541418612","-173.94557541418612"
"67","-172.02305104312703","-172.02305104312703","-172.02305104312703","-172.22742119027498","-172.22742119027498","-172.22742119027498","-172.0699061087709","-172.0699061087709","-172.0699061087709","-174.11850821024828","-174.11850821024828","-174.11850821024828","-174.12698510535955","-174.12698510535955","-174.12698510535955","-173.97711646260944","-173.97711646260944","-173.97711646260944"
"68","-172.09544154315708","-172.09544154315708","-172.09544154315708","-172.30923721077974","-172.30923721077974","-172.30923721077974","-172.12091593896372","-172.12091593896372","-172.12091593896372","-174.13132400146196","-174.13132400146196","-174.13132400146196","-174.16403406120943","-174.16403406120943","-174.16403406120943","-174.01602437946534","-174.01602437946534","-174.01602437946534"
"69","-172.1247548433369","-172.1247548433369","-172.1247548433369","-172.4026832665865","-172.4026832665865","-172.4026832665865","-172.29044386096677","-172.29044386096677","-172.29044386096677","-174.2206793197209","-174.2206793197209","-174.2206793197209","-174.1635384974271","-174.1635384974271","-174.1635384974271","-174.03221892893333","-174.03221892893333","-174.03221892893333"
"70","-172.14683215203053","-172.14683215203053","-172.14683215203053","-172.41776195804078","-172.41776195804078","-172.41776195804078","-172.22389318584445","-172.22389318584445","-172.22389318584445","-174.24582254555952","-174.24582254555952","-174.24582254555952","-174.18027661895945","-174.18027661895945","-174.18027661895945","-174.09013465022502","-174.09013465022502","-174.09013465022502"
"71","-172.20159116510828","-172.20159116510828","-172.20159116510828","-172.52459024123192","-172.52459024123192","-172.52459024123192","-172.2377910376703","-172.2377910376703","-172.2377910376703","-174.22749352845045","-174.22749352845045","-174.22749352845045","-174.23735416447488","-174.23735416447488","-174.23735416447488","-174.07767877007973","-174.07767877007973","-174.07767877007973"
"72","-172.08866073400463","-172.08866073400463","-172.08866073400463","-172.44874161293475","-172.44874161293475","-172.44874161293475","-172.2347598990259","-172.2347598990259","-172.2347598990259","-174.2434012754809","-174.2434012754809","-174.2434012754809","-174.2576156042478","-174.2576156042478","-174.2576156042478","-174.0736930523685","-174.0736930523685","-174.0736930523685"
"73","-172.1189325611755","-172.1189325611755","-172.1189325611755","-172.50770268500767","-172.50770268500767","-172.50770268500767","-172.28433917735356","-172.28433917735356","-172.28433917735356","-174.27680536971314","-174.27680536971314","-174.27680536971314","-174.27380607398743","-174.27380607398743","-174.27380607398743","-174.10386331530924","-174.10386331530924","-174.10386331530924"
"74","-172.21750153882306","-172.21750153882306","-172.21750153882306","-172.52413831670367","-172.52413831670367","-172.52413831670367","-172.34868581888225","-172.34868581888225","-172.34868581888225","-174.27527265537702","-174.27527265537702","-174.27527265537702","-174.30390866475528","-174.30390866475528","-174.30390866475528","-174.15473555808","-174.15473555808","-174.15473555808"
"75","-172.2815087291381","-172.2815087291381","-172.2815087291381","-172.51741892695458","-172.51741892695458","-172.51741892695458","-172.34407470519724","-172.34407470519724","-172.34407470519724","-174.2927977039579","-174.2927977039579","-174.2927977039579","-174.29628313588728","-174.29628313588728","-174.29628313588728","-174.16114358460948","-174.16114358460948","-174.16114358460948"
"76","-172.3018268260509","-172.3018268260509","-172.3018268260509","-172.62207692152757","-172.62207692152757","-172.62207692152757","-172.368743862377","-172.368743862377","-172.368743862377","-174.289610222051","-174.289610222051","-174.289610222051","-174.30882649427366","-174.30882649427366","-174.30882649427366","-174.17889644485012","-174.17889644485012","-174.17889644485012"
"77","-172.31720851006662","-172.31720851006662","-172.31720851006662","-172.60118390411753","-172.60118390411753","-172.60118390411753","-172.38015948146983","-172.38015948146983","-172.38015948146983","-174.31193164868364","-174.31193164868364","-174.31193164868364","-174.32704676129407","-174.32704676129407","-174.32704676129407","-174.20635196933907","-174.20635196933907","-174.20635196933907"
"78","-172.32347592249482","-172.32347592249482","-172.32347592249482","-172.63249219699102","-172.63249219699102","-172.63249219699102","-172.45649084607578","-172.45649084607578","-172.45649084607578","-174.3295637158167","-174.3295637158167","-174.3295637158167","-174.3610524256664","-174.3610524256664","-174.3610524256664","-174.23392985553505","-174.23392985553505","-174.23392985553505"
"79","-172.4281120576723","-172.4281120576723","-172.4281120576723","-172.60152070043674","-172.60152070043674","-172.60152070043674","-172.4865770913159","-172.4865770913159","-172.4865770913159","-174.35627865384527","-174.35627865384527","-174.35627865384527","-174.378740021934","-174.378740021934","-174.378740021934","-174.2398300720361","-174.2398300720361","-174.2398300720361"
"80","-172.44011091848472","-172.44011091848472","-172.44011091848472","-172.67196632883082","-172.67196632883082","-172.67196632883082","-172.46261055107402","-172.46261055107402","-172.46261055107402","-174.3722890505128","-174.3722890505128","-174.3722890505128","-174.33919301607395","-174.33919301607395","-174.33919301607395","-174.19810821898014","-174.19810821898014","-174.19810821898014"
"81","-172.34368587465462","-172.34368587465462","-172.34368587465462","-172.73270329275002","-172.73270329275002","-172.73270329275002","-172.46806354482098","-172.46806354482098","-172.46806354482098","-174.3811935918052","-174.3811935918052","-174.3811935918052","-174.3461052603906","-174.3461052603906","-174.3461052603906","-174.27346200556735","-174.27346200556735","-174.27346200556735"
"82","-172.48967667892418","-172.48967667892418","-172.48967667892418","-172.8122666133545","-172.8122666133545","-172.8122666133545","-172.53324777709128","-172.53324777709128","-172.53324777709128","-174.41678951272954","-174.41678951272954","-174.41678951272954","-174.4112829653077","-174.4112829653077","-174.4112829653077","-174.2793810901645","-174.2793810901645","-174.2793810901645"
"83","-172.53365286360994","-172.53365286360994","-172.53365286360994","-172.83664020260204","-172.83664020260204","-172.83664020260204","-172.4891209501477","-172.4891209501477","-172.4891209501477","-174.38895293597295","-174.38895293597295","-174.38895293597295","-174.39337970788898","-174.39337970788898","-174.39337970788898","-174.29058328585418","-174.29058328585418","-174.29058328585418"
"84","-172.50761371033204","-172.50761371033204","-172.50761371033204","-172.85580117330724","-172.85580117330724","-172.85580117330724","-172.55395137949222","-172.55395137949222","-172.55395137949222","-174.41014755954274","-174.41014755954274","-174.41014755954274","-174.3725056042766","-174.3725056042766","-174.3725056042766","-174.30574874309173","-174.30574874309173","-174.30574874309173"
"85","-172.50274076840094","-172.50274076840094","-172.50274076840094","-172.84126351862514","-172.84126351862514","-172.84126351862514","-172.60847929034225","-172.60847929034225","-172.60847929034225","-174.4173807964049","-174.4173807964049","-174.4173807964049","-174.38820467221154","-174.38820467221154","-174.38820467221154","-174.29708845645672","-174.29708845645672","-174.29708845645672"
"86","-172.48517715703707","-172.48517715703707","-172.48517715703707","-172.77638408356034","-172.77638408356034","-172.77638408356034","-172.53724392627572","-172.53724392627572","-172.53724392627572","-174.37972490052158","-174.37972490052158","-174.37972490052158","-174.35124795299072","-174.35124795299072","-174.35124795299072","-174.31212553317488","-174.31212553317488","-174.31212553317488"
"87","-172.49642248061593","-172.49642248061593","-172.49642248061593","-172.84698736898326","-172.84698736898326","-172.84698736898326","-172.6006819709527","-172.6006819709527","-172.6006819709527","-174.43606723096087","-174.43606723096087","-174.43606723096087","-174.3838158247149","-174.3838158247149","-174.3838158247149","-174.35522920450734","-174.35522920450734","-174.35522920450734"
"88","-172.53324782813613","-172.53324782813613","-172.53324782813613","-172.87976042666338","-172.87976042666338","-172.87976042666338","-172.65017902999125","-172.65017902999125","-172.65017902999125","-174.45628198589787","-174.45628198589787","-174.45628198589787","-174.41907012223078","-174.41907012223078","-174.41907012223078","-174.38443013024389","-174.38443013024389","-174.38443013024389"
"89","-172.5228914892483","-172.5228914892483","-172.5228914892483","-172.89166595634975","-172.89166595634975","-172.89166595634975","-172.62235870128293","-172.62235870128293","-172.62235870128293","-174.4319080367982","-174.4319080367982","-174.4319080367982","-174.42646438336885","-174.42646438336885","-174.42646438336885","-174.34878319818762","-174.34878319818762","-174.34878319818762"
"90","-172.5681626139271","-172.5681626139271","-172.5681626139271","-172.93048509544923","-172.93048509544923","-172.93048509544923","-172.65303838048962","-172.65303838048962","-172.65303838048962","-174.45345756236944","-174.45345756236944","-174.45345756236944","-174.4045241720155","-174.4045241720155","-174.4045241720155","-174.36708667211047","-174.36708667211047","-174.36708667211047"
"91","-172.47617343222677","-172.47617343222677","-172.47617343222677","-172.9054546655136","-172.9054546655136","-172.9054546655136","-172.68641341444598","-172.68641341444598","-172.68641341444598","-174.46100504517418","-174.46100504517418","-174.46100504517418","-174.46099766943593","-174.46099766943593","-174.46099766943593","-174.38530017581095","-174.38530017581095","-174.38530017581095"
"92","-172.42978319877534","-172.42978319877534","-172.42978319877534","-172.93372558918895","-172.93372558918895","-172.93372558918895","-172.6608245111744","-172.6608245111744","-172.6608245111744","-174.44205680024885","-174.44205680024885","-174.44205680024885","-174.40924885871252","-174.40924885871252","-174.40924885871252","-174.38825810093854","-174.38825810093854","-174.38825810093854"
"93","-172.57217831046873","-172.57217831046873","-172.57217831046873","-172.96218612872835","-172.96218612872835","-172.96218612872835","-172.73539069125243","-172.73539069125243","-172.73539069125243","-174.44864897676354","-174.44864897676354","-174.44864897676354","-174.4399077936913","-174.4399077936913","-174.4399077936913","-174.39140228266737","-174.39140228266737","-174.39140228266737"
"94","-172.67942292693795","-172.67942292693795","-172.67942292693795","-173.00878968936695","-173.00878968936695","-173.00878968936695","-172.7832077612769","-172.7832077612769","-172.7832077612769","-174.4645436084221","-174.4645436084221","-174.4645436084221","-174.44144469820327","-174.44144469820327","-174.44144469820327","-174.3620413490141","-174.3620413490141","-174.3620413490141"
"95","-172.62817942485157","-172.62817942485157","-172.62817942485157","-173.01842586720574","-173.01842586720574","-173.01842586720574","-172.77909442547872","-172.77909442547872","-172.77909442547872","-174.47879167252142","-174.47879167252142","-174.47879167252142","-174.4339393146168","-174.4339393146168","-174.4339393146168","-174.382916078884","-174.382916078884","-174.382916078884"
"96","-172.69321761805682","-172.69321761805682","-172.69321761805682","-173.03657940695697","-173.03657940695697","-173.03657940695697","-172.7313539769362","-172.7313539769362","-172.7313539769362","-174.47768956199366","-174.47768956199366","-174.47768956199366","-174.4101383800355","-174.4101383800355","-174.4101383800355","-174.37914094913899","-174.37914094913899","-174.37914094913899"
"97","-172.71654334692374","-172.71654334692374","-172.71654334692374","-173.05212023466447","-173.05212023466447","-173.05212023466447","-172.70564380561876","-172.70564380561876","-172.70564380561876","-174.4436614876344","-174.4436614876344","-174.4436614876344","-174.43175022284447","-174.43175022284447","-174.43175022284447","-174.4239481720151","-174.4239481720151","-174.4239481720151"
"98","-172.7175957850398","-172.7175957850398","-172.7175957850398","-173.12242343082394","-173.12242343082394","-173.12242343082394","-172.8046575135423","-172.8046575135423","-172.8046575135423","-174.46266050438834","-174.46266050438834","-174.46266050438834","-174.4787430554885","-174.4787430554885","-174.4787430554885","-174.40117899800686","-174.40117899800686","-174.40117899800686"
"99","-172.7463198834441","-172.7463198834441","-172.7463198834441","-173.02726759989199","-173.02726759989199","-173.02726759989199","-172.7988827587482","-172.7988827587482","-172.7988827587482","-174.44545923266455","-174.44545923266455","-174.44545923266455","-174.46854299232973","-174.46854299232973","-174.46854299232973","-174.38577127981284","-174.38577127981284","-174.38577127981284"
"100","-172.7912043708796","-172.7912043708796","-172.7912043708796","-173.05387503044673","-173.05387503044673","-173.05387503044673","-172.8082175287082","-172.8082175287082","-172.8082175287082","-174.46120949382123","-174.46120949382123","-174.46120949382123","-174.4585027937129","-174.4585027937129","-174.4585027937129","-174.43442634473618","-174.43442634473618","-174.43442634473618"
"101","-172.73370648880226","-172.73370648880226","-172.73370648880226","-173.16040164349693","-173.16040164349693","-173.16040164349693","-172.7310134884097","-172.7310134884097","-172.7310134884097","-174.46773229844965","-174.46773229844965","-174.46773229844965","-174.42966131349036","-174.42966131349036","-174.42966131349036","-174.42877276681","-174.42877276681","-174.42877276681"
"102","-172.76478965125204","-172.76478965125204","-172.76478965125204","-173.19390470800437","-173.19390470800437","-173.19390470800437","-172.75406814019743","-172.75406814019743","-172.75406814019743","-174.48324859324032","-174.48324859324032","-174.48324859324032","-174.4474583792414","-174.4474583792414","-174.4474583792414","-174.4606444249598","-174.4606444249598","-174.4606444249598"
"103","-172.74314342605967","-172.74314342605967","-172.74314342605967","-173.1111555376772","-173.1111555376772","-173.1111555376772","-172.77742488636483","-172.77742488636483","-172.77742488636483","-174.48896137741127","-174.48896137741127","-174.48896137741127","-174.43415502889303","-174.43415502889303","-174.43415502889303","-174.4528331488707","-174.4528331488707","-174.4528331488707"
"104","-172.75563188923354","-172.75563188923354","-172.75563188923354","-173.1544218292408","-173.1544218292408","-173.1544218292408","-172.85415818683737","-172.85415818683737","-172.85415818683737","-174.48172833141007","-174.48172833141007","-174.48172833141007","-174.4453770601763","-174.4453770601763","-174.4453770601763","-174.41286018780573","-174.41286018780573","-174.41286018780573"
"105","-172.75904338338245","-172.75904338338245","-172.75904338338245","-173.1719606044878","-173.1719606044878","-173.1719606044878","-172.85399916733434","-172.85399916733434","-172.85399916733434","-174.47349918478056","-174.47349918478056","-174.47349918478056","-174.47141662288095","-174.47141662288095","-174.47141662288095","-174.45051762806528","-174.45051762806528","-174.45051762806528"
"106","-172.84799054351117","-172.84799054351117","-172.84799054351117","-173.09723335016744","-173.09723335016744","-173.09723335016744","-172.80353394660318","-172.80353394660318","-172.80353394660318","-174.47360768209535","-174.47360768209535","-174.47360768209535","-174.45451749833512","-174.45451749833512","-174.45451749833512","-174.44604783116523","-174.44604783116523","-174.44604783116523"
"107","-172.82968690744437","-172.82968690744437","-172.82968690744437","-173.22375210165936","-173.22375210165936","-173.22375210165936","-172.87704480072904","-172.87704480072904","-172.87704480072904","-174.50300018670407","-174.50300018670407","-174.50300018670407","-174.4688884566873","-174.4688884566873","-174.4688884566873","-174.42997354322497","-174.42997354322497","-174.42997354322497"
"108","-172.7569977358573","-172.7569977358573","-172.7569977358573","-173.2003932310321","-173.2003932310321","-173.2003932310321","-172.93654079924522","-172.93654079924522","-172.93654079924522","-174.4738043293167","-174.4738043293167","-174.4738043293167","-174.48574268194812","-174.48574268194812","-174.48574268194812","-174.42232863310846","-174.42232863310846","-174.42232863310846"
"109","-172.75551034910248","-172.75551034910248","-172.75551034910248","-173.22722720622295","-173.22722720622295","-173.22722720622295","-172.957062174113","-172.957062174113","-172.957062174113","-174.4758674213519","-174.4758674213519","-174.4758674213519","-174.45682913365766","-174.45682913365766","-174.45682913365766","-174.45607293054775","-174.45607293054775","-174.45607293054775"
"110","-172.51278187497397","-172.51278187497397","-172.51278187497397","-173.19818108301018","-173.19818108301018","-173.19818108301018","-172.9644310666589","-172.9644310666589","-172.9644310666589","-174.48743121816216","-174.48743121816216","-174.48743121816216","-174.47356093425142","-174.47356093425142","-174.47356093425142","-174.4323487865824","-174.4323487865824","-174.4323487865824"
"111","-172.81950226669096","-172.81950226669096","-172.81950226669096","-173.28044936601466","-173.28044936601466","-173.28044936601466","-172.92897058718484","-172.92897058718484","-172.92897058718484","-174.49882138343742","-174.49882138343742","-174.49882138343742","-174.44254644405208","-174.44254644405208","-174.44254644405208","-174.46348225205156","-174.46348225205156","-174.46348225205156"
"112","-172.8221717741939","-172.8221717741939","-172.8221717741939","-173.23967634549922","-173.23967634549922","-173.23967634549922","-172.9672807895043","-172.9672807895043","-172.9672807895043","-174.5024846094372","-174.5024846094372","-174.5024846094372","-174.46946001806097","-174.46946001806097","-174.46946001806097","-174.46294427034675","-174.46294427034675","-174.46294427034675"
"113","-172.81801200309366","-172.81801200309366","-172.81801200309366","-173.2105378053411","-173.2105378053411","-173.2105378053411","-172.99503230644845","-172.99503230644845","-172.99503230644845","-174.48893455693744","-174.48893455693744","-174.48893455693744","-174.45691864312118","-174.45691864312118","-174.45691864312118","-174.44200463482167","-174.44200463482167","-174.44200463482167"
"114","-172.91789819094691","-172.91789819094691","-172.91789819094691","-173.2397231365627","-173.2397231365627","-173.2397231365627","-173.03106623556545","-173.03106623556545","-173.03106623556545","-174.4745437103723","-174.4745437103723","-174.4745437103723","-174.47769772385516","-174.47769772385516","-174.47769772385516","-174.47594480150457","-174.47594480150457","-174.47594480150457"
"115","-172.85997883173454","-172.85997883173454","-172.85997883173454","-173.25342975091326","-173.25342975091326","-173.25342975091326","-173.05170819358113","-173.05170819358113","-173.05170819358113","-174.48926677931757","-174.48926677931757","-174.48926677931757","-174.45062145235877","-174.45062145235877","-174.45062145235877","-174.46879472976542","-174.46879472976542","-174.46879472976542"
"116","-172.91354535319024","-172.91354535319024","-172.91354535319024","-173.3110050802453","-173.3110050802453","-173.3110050802453","-172.96670383477522","-172.96670383477522","-172.96670383477522","-174.5047775852476","-174.5047775852476","-174.5047775852476","-174.4757909603021","-174.4757909603021","-174.4757909603021","-174.43106082955038","-174.43106082955038","-174.43106082955038"
"117","-172.99107433910112","-172.99107433910112","-172.99107433910112","-173.29773915676847","-173.29773915676847","-173.29773915676847","-172.985955480031","-172.985955480031","-172.985955480031","-174.48567862473618","-174.48567862473618","-174.48567862473618","-174.47031288134912","-174.47031288134912","-174.47031288134912","-174.45808795091983","-174.45808795091983","-174.45808795091983"
"118","-172.93447441344347","-172.93447441344347","-172.93447441344347","-173.33256884396167","-173.33256884396167","-173.33256884396167","-173.07000981962696","-173.07000981962696","-173.07000981962696","-174.50253364898433","-174.50253364898433","-174.50253364898433","-174.45552787364474","-174.45552787364474","-174.45552787364474","-174.4552738282213","-174.4552738282213","-174.4552738282213"
"119","-172.94144003833952","-172.94144003833952","-172.94144003833952","-173.37531234246572","-173.37531234246572","-173.37531234246572","-172.98310537465687","-172.98310537465687","-172.98310537465687","-174.5113145121956","-174.5113145121956","-174.5113145121956","-174.46984165140972","-174.46984165140972","-174.46984165140972","-174.48829824815104","-174.48829824815104","-174.48829824815104"
"120","-173.00192471138695","-173.00192471138695","-173.00192471138695","-173.28531434012237","-173.28531434012237","-173.28531434012237","-173.0183668027331","-173.0183668027331","-173.0183668027331","-174.49796418613195","-174.49796418613195","-174.49796418613195","-174.45695998091415","-174.45695998091415","-174.45695998091415","-174.45246885990508","-174.45246885990508","-174.45246885990508"
"121","-172.96799724783705","-172.96799724783705","-172.96799724783705","-173.40423169753882","-173.40423169753882","-173.40423169753882","-173.05756161612328","-173.05756161612328","-173.05756161612328","-174.5066371796573","-174.5066371796573","-174.5066371796573","-174.4577550647602","-174.4577550647602","-174.4577550647602","-174.45940605941342","-174.45940605941342","-174.45940605941342"
"122","-173.06023002528596","-173.06023002528596","-173.06023002528596","-173.40879830393507","-173.40879830393507","-173.40879830393507","-173.06769377827987","-173.06769377827987","-173.06769377827987","-174.49772746400336","-174.49772746400336","-174.49772746400336","-174.48137188034536","-174.48137188034536","-174.48137188034536","-174.4579653076504","-174.4579653076504","-174.4579653076504"
"123","-173.03789163215365","-173.03789163215365","-173.03789163215365","-173.41670242255285","-173.41670242255285","-173.41670242255285","-173.16962725923673","-173.16962725923673","-173.16962725923673","-174.5018227395894","-174.5018227395894","-174.5018227395894","-174.47591936257496","-174.47591936257496","-174.47591936257496","-174.4620036367769","-174.4620036367769","-174.4620036367769"
"124","-173.05152137714586","-173.05152137714586","-173.05152137714586","-173.4168491355909","-173.4168491355909","-173.4168491355909","-173.05862787305867","-173.05862787305867","-173.05862787305867","-174.49913525503482","-174.49913525503482","-174.49913525503482","-174.4819587176178","-174.4819587176178","-174.4819587176178","-174.4563427282136","-174.4563427282136","-174.4563427282136"
"125","-173.071791169694","-173.071791169694","-173.071791169694","-173.3606705261389","-173.3606705261389","-173.3606705261389","-173.10438419051778","-173.10438419051778","-173.10438419051778","-174.51457107038144","-174.51457107038144","-174.51457107038144","-174.48213872208407","-174.48213872208407","-174.48213872208407","-174.46283148377628","-174.46283148377628","-174.46283148377628"
"126","-172.99560959484677","-172.99560959484677","-172.99560959484677","-173.3509831894843","-173.3509831894843","-173.3509831894843","-173.10211131038182","-173.10211131038182","-173.10211131038182","-174.50573002905148","-174.50573002905148","-174.50573002905148","-174.4905934746144","-174.4905934746144","-174.4905934746144","-174.4718696776632","-174.4718696776632","-174.4718696776632"
"127","-172.98364211254219","-172.98364211254219","-172.98364211254219","-173.41747095802498","-173.41747095802498","-173.41747095802498","-173.0984485523333","-173.0984485523333","-173.0984485523333","-174.5055572268236","-174.5055572268236","-174.5055572268236","-174.46453264025382","-174.46453264025382","-174.46453264025382","-174.46077299227886","-174.46077299227886","-174.46077299227886"
"128","-173.05951901760963","-173.05951901760963","-173.05951901760963","-173.42917009330557","-173.42917009330557","-173.42917009330557","-173.1089844252804","-173.1089844252804","-173.1089844252804","-174.50885060489497","-174.50885060489497","-174.50885060489497","-174.4701983953844","-174.4701983953844","-174.4701983953844","-174.4652614238954","-174.4652614238954","-174.4652614238954"
"129","-173.0595656094066","-173.0595656094066","-173.0595656094066","-173.33233952056906","-173.33233952056906","-173.33233952056906","-173.13856168145747","-173.13856168145747","-173.13856168145747","-174.4919037044699","-174.4919037044699","-174.4919037044699","-174.46784199891158","-174.46784199891158","-174.46784199891158","-174.4908032388539","-174.4908032388539","-174.4908032388539"
"130","-173.0754155002423","-173.0754155002423","-173.0754155002423","-173.50292779508933","-173.50292779508933","-173.50292779508933","-173.14503637889706","-173.14503637889706","-173.14503637889706","-174.4865332499117","-174.4865332499117","-174.4865332499117","-174.4797745916281","-174.4797745916281","-174.4797745916281","-174.49918953065023","-174.49918953065023","-174.49918953065023"
"131","-173.05047619715762","-173.05047619715762","-173.05047619715762","-173.43392073381213","-173.43392073381213","-173.43392073381213","-173.0668864039021","-173.0668864039021","-173.0668864039021","-174.48866571006633","-174.48866571006633","-174.48866571006633","-174.47933993646285","-174.47933993646285","-174.47933993646285","-174.4481433092718","-174.4481433092718","-174.4481433092718"
"132","-173.07833164732727","-173.07833164732727","-173.07833164732727","-173.4139329681356","-173.4139329681356","-173.4139329681356","-172.98535654238708","-172.98535654238708","-172.98535654238708","-174.4858868308957","-174.4858868308957","-174.4858868308957","-174.49662896596828","-174.49662896596828","-174.49662896596828","-174.48349755649622","-174.48349755649622","-174.48349755649622"
"133","-173.10859736644616","-173.10859736644616","-173.10859736644616","-173.46655116050863","-173.46655116050863","-173.46655116050863","-173.1836283569019","-173.1836283569019","-173.1836283569019","-174.4925213449534","-174.4925213449534","-174.4925213449534","-174.487409484558","-174.487409484558","-174.487409484558","-174.4751978852172","-174.4751978852172","-174.4751978852172"
"134","-173.03156850956807","-173.03156850956807","-173.03156850956807","-173.43714560716327","-173.43714560716327","-173.43714560716327","-173.10745224970765","-173.10745224970765","-173.10745224970765","-174.5036092848042","-174.5036092848042","-174.5036092848042","-174.45506065273025","-174.45506065273025","-174.45506065273025","-174.45198237492082","-174.45198237492082","-174.45198237492082"
"135","-173.10705398915712","-173.10705398915712","-173.10705398915712","-173.48084144039498","-173.48084144039498","-173.48084144039498","-173.0992187225591","-173.0992187225591","-173.0992187225591","-174.50307716822007","-174.50307716822007","-174.50307716822007","-174.47030899020552","-174.47030899020552","-174.47030899020552","-174.47437021414538","-174.47437021414538","-174.47437021414538"
"136","-173.10855882358464","-173.10855882358464","-173.10855882358464","-173.47007358340568","-173.47007358340568","-173.47007358340568","-173.10264368050508","-173.10264368050508","-173.10264368050508","-174.49255373612866","-174.49255373612866","-174.49255373612866","-174.49505308816572","-174.49505308816572","-174.49505308816572","-174.4510914386717","-174.4510914386717","-174.4510914386717"
"137","-173.08816070934085","-173.08816070934085","-173.08816070934085","-173.47966695192218","-173.47966695192218","-173.47966695192218","-173.06581423879595","-173.06581423879595","-173.06581423879595","-174.4807100049153","-174.4807100049153","-174.4807100049153","-174.48704841121722","-174.48704841121722","-174.48704841121722","-174.4644908469599","-174.4644908469599","-174.4644908469599"
"138","-173.13224866207753","-173.13224866207753","-173.13224866207753","-173.50814625602337","-173.50814625602337","-173.50814625602337","-173.1797628957768","-173.1797628957768","-173.1797628957768","-174.519067446215","-174.519067446215","-174.519067446215","-174.47204116354013","-174.47204116354013","-174.47204116354013","-174.48204016994055","-174.48204016994055","-174.48204016994055"
"139","-173.1521839798279","-173.1521839798279","-173.1521839798279","-173.5094462988713","-173.5094462988713","-173.5094462988713","-173.1754343199599","-173.1754343199599","-173.1754343199599","-174.50365882161873","-174.50365882161873","-174.50365882161873","-174.47799965964424","-174.47799965964424","-174.47799965964424","-174.47486725463955","-174.47486725463955","-174.47486725463955"
"140","-173.1613520032758","-173.1613520032758","-173.1613520032758","-173.5227236139346","-173.5227236139346","-173.5227236139346","-173.24345053321804","-173.24345053321804","-173.24345053321804","-174.48384584452714","-174.48384584452714","-174.48384584452714","-174.4821355708491","-174.4821355708491","-174.4821355708491","-174.47578990386023","-174.47578990386023","-174.47578990386023"
"141","-173.17282392895984","-173.17282392895984","-173.17282392895984","-173.4980804879237","-173.4980804879237","-173.4980804879237","-173.2229836811355","-173.2229836811355","-173.2229836811355","-174.5054569094693","-174.5054569094693","-174.5054569094693","-174.47110742085823","-174.47110742085823","-174.47110742085823","-174.45870708642596","-174.45870708642596","-174.45870708642596"
"142","-173.18827589344457","-173.18827589344457","-173.18827589344457","-173.54303316538267","-173.54303316538267","-173.54303316538267","-173.21526798256053","-173.21526798256053","-173.21526798256053","-174.50556722107015","-174.50556722107015","-174.50556722107015","-174.47358187716947","-174.47358187716947","-174.47358187716947","-174.48807620813375","-174.48807620813375","-174.48807620813375"
"143","-173.14044776513367","-173.14044776513367","-173.14044776513367","-173.47870306766794","-173.47870306766794","-173.47870306766794","-173.27291821349723","-173.27291821349723","-173.27291821349723","-174.52399817490257","-174.52399817490257","-174.52399817490257","-174.46155377918913","-174.46155377918913","-174.46155377918913","-174.51219237783198","-174.51219237783198","-174.51219237783198"
"144","-173.18322503341793","-173.18322503341793","-173.18322503341793","-173.49753427585168","-173.49753427585168","-173.49753427585168","-173.22139142236466","-173.22139142236466","-173.22139142236466","-174.49544782668409","-174.49544782668409","-174.49544782668409","-174.50273444576533","-174.50273444576533","-174.50273444576533","-174.4594366240775","-174.4594366240775","-174.4594366240775"
"145","-173.16507180858721","-173.16507180858721","-173.16507180858721","-173.57320346701744","-173.57320346701744","-173.57320346701744","-173.2313330280354","-173.2313330280354","-173.2313330280354","-174.5003528489434","-174.5003528489434","-174.5003528489434","-174.46451340515807","-174.46451340515807","-174.46451340515807","-174.46058547191654","-174.46058547191654","-174.46058547191654"
"146","-173.1878896937154","-173.1878896937154","-173.1878896937154","-173.55650277723743","-173.55650277723743","-173.55650277723743","-173.22656687380717","-173.22656687380717","-173.22656687380717","-174.4988944685851","-174.4988944685851","-174.4988944685851","-174.47146385162455","-174.47146385162455","-174.47146385162455","-174.42472074149964","-174.42472074149964","-174.42472074149964"
"147","-173.1646109061988","-173.1646109061988","-173.1646109061988","-173.55592857592177","-173.55592857592177","-173.55592857592177","-173.24691652643946","-173.24691652643946","-173.24691652643946","-174.49153565819722","-174.49153565819722","-174.49153565819722","-174.48202282953923","-174.48202282953923","-174.48202282953923","-174.47870012507457","-174.47870012507457","-174.47870012507457"
"148","-173.23848588836552","-173.23848588836552","-173.23848588836552","-173.53893721061377","-173.53893721061377","-173.53893721061377","-173.2056404400885","-173.2056404400885","-173.2056404400885","-174.4941038572237","-174.4941038572237","-174.4941038572237","-174.498823361743","-174.498823361743","-174.498823361743","-174.4785750850955","-174.4785750850955","-174.4785750850955"
"149","-173.28107484499185","-173.28107484499185","-173.28107484499185","-173.6123969607824","-173.6123969607824","-173.6123969607824","-173.25068542005496","-173.25068542005496","-173.25068542005496","-174.52038715602245","-174.52038715602245","-174.52038715602245","-174.48994571057284","-174.48994571057284","-174.48994571057284","-174.48076909477356","-174.48076909477356","-174.48076909477356"
"150","-173.20379818656713","-173.20379818656713","-173.20379818656713","-173.56700224277296","-173.56700224277296","-173.56700224277296","-173.24351687828323","-173.24351687828323","-173.24351687828323","-174.50842591955652","-174.50842591955652","-174.50842591955652","-174.4754554178278","-174.4754554178278","-174.4754554178278","-174.45398072833865","-174.45398072833865","-174.45398072833865"
"151","-173.1838334594727","-173.1838334594727","-173.1838334594727","-173.52391477225106","-173.52391477225106","-173.52391477225106","-173.2389069473657","-173.2389069473657","-173.2389069473657","-174.50648619396136","-174.50648619396136","-174.50648619396136","-174.47622617093464","-174.47622617093464","-174.47622617093464","-174.4680743642046","-174.4680743642046","-174.4680743642046"
"152","-173.19182690422605","-173.19182690422605","-173.19182690422605","-173.57181210947724","-173.57181210947724","-173.57181210947724","-173.26807806065557","-173.26807806065557","-173.26807806065557","-174.50399467630672","-174.50399467630672","-174.50399467630672","-174.4548492073679","-174.4548492073679","-174.4548492073679","-174.47446801467714","-174.47446801467714","-174.47446801467714"
"153","-173.2066623842642","-173.2066623842642","-173.2066623842642","-173.51050839700207","-173.51050839700207","-173.51050839700207","-173.290706176644","-173.290706176644","-173.290706176644","-174.50901095471886","-174.50901095471886","-174.50901095471886","-174.47416020483837","-174.47416020483837","-174.47416020483837","-174.48747588224987","-174.48747588224987","-174.48747588224987"
"154","-173.27456638436044","-173.27456638436044","-173.27456638436044","-173.62267218192434","-173.62267218192434","-173.62267218192434","-173.24847957011343","-173.24847957011343","-173.24847957011343","-174.5111321642455","-174.5111321642455","-174.5111321642455","-174.46217585887092","-174.46217585887092","-174.46217585887092","-174.45687522718856","-174.45687522718856","-174.45687522718856"
"155","-173.29325707600293","-173.29325707600293","-173.29325707600293","-173.58604912290082","-173.58604912290082","-173.58604912290082","-173.1947181202463","-173.1947181202463","-173.1947181202463","-174.54492748248853","-174.54492748248853","-174.54492748248853","-174.47684695023906","-174.47684695023906","-174.47684695023906","-174.4617126869831","-174.4617126869831","-174.4617126869831"
"156","-173.22520103141545","-173.22520103141545","-173.22520103141545","-173.5578636562028","-173.5578636562028","-173.5578636562028","-173.27694914335166","-173.27694914335166","-173.27694914335166","-174.50470629645775","-174.50470629645775","-174.50470629645775","-174.47194402116315","-174.47194402116315","-174.47194402116315","-174.47640627253134","-174.47640627253134","-174.47640627253134"
"157","-173.24039290826454","-173.24039290826454","-173.24039290826454","-173.53402469597407","-173.53402469597407","-173.53402469597407","-173.28125588414892","-173.28125588414892","-173.28125588414892","-174.50478773676394","-174.50478773676394","-174.50478773676394","-174.51399338009261","-174.51399338009261","-174.51399338009261","-174.51053796646534","-174.51053796646534","-174.51053796646534"
"158","-173.22761765012407","-173.22761765012407","-173.22761765012407","-173.57874202736048","-173.57874202736048","-173.57874202736048","-173.30661642277056","-173.30661642277056","-173.30661642277056","-174.50593239243406","-174.50593239243406","-174.50593239243406","-174.49128235020365","-174.49128235020365","-174.49128235020365","-174.4740693400865","-174.4740693400865","-174.4740693400865"
"159","-173.2495136093192","-173.2495136093192","-173.2495136093192","-173.57720521980795","-173.57720521980795","-173.57720521980795","-173.34665479971025","-173.34665479971025","-173.34665479971025","-174.51410889049333","-174.51410889049333","-174.51410889049333","-174.4892646218019","-174.4892646218019","-174.4892646218019","-174.48962068277856","-174.48962068277856","-174.48962068277856"
"160","-173.2099648985764","-173.2099648985764","-173.2099648985764","-173.5045310401152","-173.5045310401152","-173.5045310401152","-173.33102503390535","-173.33102503390535","-173.33102503390535","-174.50878734957587","-174.50878734957587","-174.50878734957587","-174.48381818410184","-174.48381818410184","-174.48381818410184","-174.51383700770492","-174.51383700770492","-174.51383700770492"
"161","-173.26831162920658","-173.26831162920658","-173.26831162920658","-173.53627996225939","-173.53627996225939","-173.53627996225939","-173.33910425425972","-173.33910425425972","-173.33910425425972","-174.5009399978236","-174.5009399978236","-174.5009399978236","-174.47291806094916","-174.47291806094916","-174.47291806094916","-174.48539579439512","-174.48539579439512","-174.48539579439512"
"162","-173.2292687366549","-173.2292687366549","-173.2292687366549","-173.52017300842616","-173.52017300842616","-173.52017300842616","-173.317818979589","-173.317818979589","-173.317818979589","-174.48380009710615","-174.48380009710615","-174.48380009710615","-174.48836256032837","-174.48836256032837","-174.48836256032837","-174.51724599283997","-174.51724599283997","-174.51724599283997"
"163","-173.21792783416714","-173.21792783416714","-173.21792783416714","-173.56830794606321","-173.56830794606321","-173.56830794606321","-173.3074184984716","-173.3074184984716","-173.3074184984716","-174.48981987800846","-174.48981987800846","-174.48981987800846","-174.49173708652737","-174.49173708652737","-174.49173708652737","-174.49730196371974","-174.49730196371974","-174.49730196371974"
"164","-173.17828115326395","-173.17828115326395","-173.17828115326395","-173.5915180058903","-173.5915180058903","-173.5915180058903","-173.31699539565022","-173.31699539565022","-173.31699539565022","-174.51648655651908","-174.51648655651908","-174.51648655651908","-174.49059900736177","-174.49059900736177","-174.49059900736177","-174.48985613123438","-174.48985613123438","-174.48985613123438"
"165","-173.29705354023858","-173.29705354023858","-173.29705354023858","-173.5482846973448","-173.5482846973448","-173.5482846973448","-173.31322543769647","-173.31322543769647","-173.31322543769647","-174.49605783006047","-174.49605783006047","-174.49605783006047","-174.4889417201423","-174.4889417201423","-174.4889417201423","-174.4934451084473","-174.4934451084473","-174.4934451084473"
"166","-173.37063967087738","-173.37063967087738","-173.37063967087738","-173.59064464624583","-173.59064464624583","-173.59064464624583","-173.29959103598975","-173.29959103598975","-173.29959103598975","-174.48016099289882","-174.48016099289882","-174.48016099289882","-174.49240561063982","-174.49240561063982","-174.49240561063982","-174.476149516673","-174.476149516673","-174.476149516673"
"167","-173.31046823126565","-173.31046823126565","-173.31046823126565","-173.61909070093128","-173.61909070093128","-173.61909070093128","-173.30713474497324","-173.30713474497324","-173.30713474497324","-174.52264254428582","-174.52264254428582","-174.52264254428582","-174.47467883560856","-174.47467883560856","-174.47467883560856","-174.47797737066247","-174.47797737066247","-174.47797737066247"
"168","-173.3966450379407","-173.3966450379407","-173.3966450379407","-173.63602107758385","-173.63602107758385","-173.63602107758385","-173.3565952244966","-173.3565952244966","-173.3565952244966","-174.49995625849232","-174.49995625849232","-174.49995625849232","-174.4816239519676","-174.4816239519676","-174.4816239519676","-174.48834832760042","-174.48834832760042","-174.48834832760042"
"169","-173.31314228294423","-173.31314228294423","-173.31314228294423","-173.52134622849906","-173.52134622849906","-173.52134622849906","-173.354298134183","-173.354298134183","-173.354298134183","-174.51274823515433","-174.51274823515433","-174.51274823515433","-174.4944917756829","-174.4944917756829","-174.4944917756829","-174.47251411099072","-174.47251411099072","-174.47251411099072"
"170","-173.3424785494082","-173.3424785494082","-173.3424785494082","-173.62210154188386","-173.62210154188386","-173.62210154188386","-173.29915292650722","-173.29915292650722","-173.29915292650722","-174.50820542381751","-174.50820542381751","-174.50820542381751","-174.4960717703259","-174.4960717703259","-174.4960717703259","-174.45417130041653","-174.45417130041653","-174.45417130041653"
"171","-173.34865460762904","-173.34865460762904","-173.34865460762904","-173.60368018745072","-173.60368018745072","-173.60368018745072","-173.27350982976247","-173.27350982976247","-173.27350982976247","-174.51361256292392","-174.51361256292392","-174.51361256292392","-174.484743730402","-174.484743730402","-174.484743730402","-174.45959605396376","-174.45959605396376","-174.45959605396376"
"172","-173.31332454841515","-173.31332454841515","-173.31332454841515","-173.6157396438034","-173.6157396438034","-173.6157396438034","-173.284898664936","-173.284898664936","-173.284898664936","-174.50073848182186","-174.50073848182186","-174.50073848182186","-174.50087702758077","-174.50087702758077","-174.50087702758077","-174.484997536855","-174.484997536855","-174.484997536855"
"173","-173.23409820650997","-173.23409820650997","-173.23409820650997","-173.5509777686862","-173.5509777686862","-173.5509777686862","-173.34038756594614","-173.34038756594614","-173.34038756594614","-174.51462018003593","-174.51462018003593","-174.51462018003593","-174.47901189351694","-174.47901189351694","-174.47901189351694","-174.49051670841186","-174.49051670841186","-174.49051670841186"
"174","-173.31637492117886","-173.31637492117886","-173.31637492117886","-173.6016775061351","-173.6016775061351","-173.6016775061351","-173.3601102300285","-173.3601102300285","-173.3601102300285","-174.4943501467647","-174.4943501467647","-174.4943501467647","-174.4953170932141","-174.4953170932141","-174.4953170932141","-174.46749375762832","-174.46749375762832","-174.46749375762832"
"175","-173.32109238493388","-173.32109238493388","-173.32109238493388","-173.63217571917244","-173.63217571917244","-173.63217571917244","-173.30166647136318","-173.30166647136318","-173.30166647136318","-174.49553693475343","-174.49553693475343","-174.49553693475343","-174.51578531230615","-174.51578531230615","-174.51578531230615","-174.4736924135466","-174.4736924135466","-174.4736924135466"
"176","-173.37295584289348","-173.37295584289348","-173.37295584289348","-173.62936898238064","-173.62936898238064","-173.62936898238064","-173.4004189877939","-173.4004189877939","-173.4004189877939","-174.51458254999102","-174.51458254999102","-174.51458254999102","-174.48475028297554","-174.48475028297554","-174.48475028297554","-174.47418770985237","-174.47418770985237","-174.47418770985237"
"177","-173.35489047177813","-173.35489047177813","-173.35489047177813","-173.57311149232385","-173.57311149232385","-173.57311149232385","-173.39129361500605","-173.39129361500605","-173.39129361500605","-174.50812957206625","-174.50812957206625","-174.50812957206625","-174.51435390148575","-174.51435390148575","-174.51435390148575","-174.47850510463806","-174.47850510463806","-174.47850510463806"
"178","-173.298791492191","-173.298791492191","-173.298791492191","-173.519089605342","-173.519089605342","-173.519089605342","-173.31252900704362","-173.31252900704362","-173.31252900704362","-174.49112221694162","-174.49112221694162","-174.49112221694162","-174.48385761267562","-174.48385761267562","-174.48385761267562","-174.48589456066355","-174.48589456066355","-174.48589456066355"
"179","-173.34793026159056","-173.34793026159056","-173.34793026159056","-173.61800846522908","-173.61800846522908","-173.61800846522908","-173.2713905638904","-173.2713905638904","-173.2713905638904","-174.50648020996846","-174.50648020996846","-174.50648020996846","-174.47743703344747","-174.47743703344747","-174.47743703344747","-174.46655150775211","-174.46655150775211","-174.46655150775211"
"180","-173.3654346857057","-173.3654346857057","-173.3654346857057","-173.56510436419296","-173.56510436419296","-173.56510436419296","-173.3760660494762","-173.3760660494762","-173.3760660494762","-174.5070866898241","-174.5070866898241","-174.5070866898241","-174.49874475626854","-174.49874475626854","-174.49874475626854","-174.46758622797668","-174.46758622797668","-174.46758622797668"
"181","-173.43507285375102","-173.43507285375102","-173.43507285375102","-173.6293666459691","-173.6293666459691","-173.6293666459691","-173.27031786084981","-173.27031786084981","-173.27031786084981","-174.4789073732424","-174.4789073732424","-174.4789073732424","-174.49784296230848","-174.49784296230848","-174.49784296230848","-174.46904240703466","-174.46904240703466","-174.46904240703466"
"182","-173.3629146496575","-173.3629146496575","-173.3629146496575","-173.63431468395373","-173.63431468395373","-173.63431468395373","-173.34648035594364","-173.34648035594364","-173.34648035594364","-174.49650799036826","-174.49650799036826","-174.49650799036826","-174.50123241025437","-174.50123241025437","-174.50123241025437","-174.4935856857374","-174.4935856857374","-174.4935856857374"
"183","-173.3833326871811","-173.3833326871811","-173.3833326871811","-173.59131345684926","-173.59131345684926","-173.59131345684926","-173.34710943343504","-173.34710943343504","-173.34710943343504","-174.5115359785936","-174.5115359785936","-174.5115359785936","-174.4940833425518","-174.4940833425518","-174.4940833425518","-174.4756698169234","-174.4756698169234","-174.4756698169234"
"184","-173.30579069635564","-173.30579069635564","-173.30579069635564","-173.59724271937404","-173.59724271937404","-173.59724271937404","-173.262761514889","-173.262761514889","-173.262761514889","-174.5030327961113","-174.5030327961113","-174.5030327961113","-174.49028285990053","-174.49028285990053","-174.49028285990053","-174.49873717694538","-174.49873717694538","-174.49873717694538"
"185","-173.32817628787313","-173.32817628787313","-173.32817628787313","-173.56722914617583","-173.56722914617583","-173.56722914617583","-173.30893251605062","-173.30893251605062","-173.30893251605062","-174.49013442843295","-174.49013442843295","-174.49013442843295","-174.48364124339787","-174.48364124339787","-174.48364124339787","-174.48365992772648","-174.48365992772648","-174.48365992772648"
"186","-173.41973127871134","-173.41973127871134","-173.41973127871134","-173.5855322373697","-173.5855322373697","-173.5855322373697","-173.35964757048848","-173.35964757048848","-173.35964757048848","-174.5082964187701","-174.5082964187701","-174.5082964187701","-174.50067909068457","-174.50067909068457","-174.50067909068457","-174.4811337505805","-174.4811337505805","-174.4811337505805"
"187","-173.3763714273299","-173.3763714273299","-173.3763714273299","-173.5839406276114","-173.5839406276114","-173.5839406276114","-173.35240261265272","-173.35240261265272","-173.35240261265272","-174.4953654172104","-174.4953654172104","-174.4953654172104","-174.4732203778401","-174.4732203778401","-174.4732203778401","-174.48258571422224","-174.48258571422224","-174.48258571422224"
"188","-173.37506875233237","-173.37506875233237","-173.37506875233237","-173.56984108177107","-173.56984108177107","-173.56984108177107","-173.38555137974706","-173.38555137974706","-173.38555137974706","-174.4879887632427","-174.4879887632427","-174.4879887632427","-174.47172584768396","-174.47172584768396","-174.47172584768396","-174.470134080466","-174.470134080466","-174.470134080466"
"189","-173.40746178080204","-173.40746178080204","-173.40746178080204","-173.6590229680109","-173.6590229680109","-173.6590229680109","-173.41827845483755","-173.41827845483755","-173.41827845483755","-174.5146292835219","-174.5146292835219","-174.5146292835219","-174.47077408026956","-174.47077408026956","-174.47077408026956","-174.4669792668177","-174.4669792668177","-174.4669792668177"
"190","-173.36141187766785","-173.36141187766785","-173.36141187766785","-173.58323067318196","-173.58323067318196","-173.58323067318196","-173.36134025181798","-173.36134025181798","-173.36134025181798","-174.50117272565635","-174.50117272565635","-174.50117272565635","-174.47557150380004","-174.47557150380004","-174.47557150380004","-174.46896997203174","-174.46896997203174","-174.46896997203174"
"191","-173.37136280487107","-173.37136280487107","-173.37136280487107","-173.60426959396162","-173.60426959396162","-173.60426959396162","-173.39508886984572","-173.39508886984572","-173.39508886984572","-174.49114597079245","-174.49114597079245","-174.49114597079245","-174.49976420971154","-174.49976420971154","-174.49976420971154","-174.4684934743698","-174.4684934743698","-174.4684934743698"
"192","-173.38350761744576","-173.38350761744576","-173.38350761744576","-173.61115254241196","-173.61115254241196","-173.61115254241196","-173.39050652874437","-173.39050652874437","-173.39050652874437","-174.50407132530628","-174.50407132530628","-174.50407132530628","-174.50283498617569","-174.50283498617569","-174.50283498617569","-174.458367894552","-174.458367894552","-174.458367894552"
"193","-173.3858098199635","-173.3858098199635","-173.3858098199635","-173.5932941766359","-173.5932941766359","-173.5932941766359","-173.40899319014062","-173.40899319014062","-173.40899319014062","-174.5134526616048","-174.5134526616048","-174.5134526616048","-174.50066568131138","-174.50066568131138","-174.50066568131138","-174.4900636512772","-174.4900636512772","-174.4900636512772"
"194","-173.41757637198134","-173.41757637198134","-173.41757637198134","-173.68928694705255","-173.68928694705255","-173.68928694705255","-173.39600934668144","-173.39600934668144","-173.39600934668144","-174.48246056276668","-174.48246056276668","-174.48246056276668","-174.49195931795572","-174.49195931795572","-174.49195931795572","-174.48554346672543","-174.48554346672543","-174.48554346672543"
"195","-173.40022458893455","-173.40022458893455","-173.40022458893455","-173.55756918293014","-173.55756918293014","-173.55756918293014","-173.39036633286315","-173.39036633286315","-173.39036633286315","-174.51462573111394","-174.51462573111394","-174.51462573111394","-174.4991224623343","-174.4991224623343","-174.4991224623343","-174.47036634035533","-174.47036634035533","-174.47036634035533"
"196","-173.4314461541768","-173.4314461541768","-173.4314461541768","-173.5695719696332","-173.5695719696332","-173.5695719696332","-173.4387845802384","-173.4387845802384","-173.4387845802384","-174.50579588870613","-174.50579588870613","-174.50579588870613","-174.47797960797024","-174.47797960797024","-174.47797960797024","-174.47759208905973","-174.47759208905973","-174.47759208905973"
"197","-173.34803977389785","-173.34803977389785","-173.34803977389785","-173.61888425738533","-173.61888425738533","-173.61888425738533","-173.3529580515862","-173.3529580515862","-173.3529580515862","-174.50258002099156","-174.50258002099156","-174.50258002099156","-174.48615088876997","-174.48615088876997","-174.48615088876997","-174.46358777247826","-174.46358777247826","-174.46358777247826"
"198","-173.35490808120227","-173.35490808120227","-173.35490808120227","-173.63469974667896","-173.63469974667896","-173.63469974667896","-173.3449865624841","-173.3449865624841","-173.3449865624841","-174.51662403451394","-174.51662403451394","-174.51662403451394","-174.49972473221646","-174.49972473221646","-174.49972473221646","-174.50121236577968","-174.50121236577968","-174.50121236577968"
"199","-173.3570975911661","-173.3570975911661","-173.3570975911661","-173.59549605431084","-173.59549605431084","-173.59549605431084","-173.40573062303616","-173.40573062303616","-173.40573062303616","-174.51336307436137","-174.51336307436137","-174.51336307436137","-174.49942355022375","-174.49942355022375","-174.49942355022375","-174.46714775863126","-174.46714775863126","-174.46714775863126"